Year,State,State.Minimum.Wage,State.Minimum.Wage.2020.Dollars,Federal.Minimum.Wage,Federal.Minimum.Wage.2020.Dollars,Effective.Minimum.Wage,Effective.Minimum.Wage.2020.Dollars,CPI.Average,Department.Of.Labor.Uncleaned.Data,Department.Of.Labor.Cleaned.Low.Value,Department.Of.Labor.Cleaned.Low.Value.2020.Dollars,Department.Of.Labor.Cleaned.High.Value,Department.Of.Labor.Cleaned.High.Value.2020.Dollars,Footnote,st_x,Atkin05,Gini,RMeanDev,Theil,st_y,Top10_adj,Top5_adj,Top1_adj,Top05_adj,Top01_adj,Top001_adj,median_income,unempolyment_state,cur_dol_gdp_change,state_population,democratic_percentage
1998,Alabama,0.0,0.0,5.15,8.17,5.15,8.17,163.0,...,0.0,0.0,0.0,0.0,,1,0.25751656293869,0.563707411289215,0.802922189235687,0.704642593860626,1,42.4549903869629,30.8089237213135,16.4825267791748,11.6636352539063,6.18437004089355,2.47414755821228,36266.0,4.0,5.2,4404701.0,0.3333333333333333
1998,Alaska,5.65,8.97,5.15,8.17,5.65,8.97,163.0,5.65,5.65,8.97,5.65,8.97,,2,0.289463102817535,0.589037299156189,0.85379546880722,0.677449584007263,2,35.5391006469727,24.1148414611816,11.3745222091675,8.08984565734863,4.12321519851685,1.60104393959045,50692.0,6.0,-6.1,619932.0,0.2
1998,Arizona,0.0,0.0,5.15,8.17,5.15,8.17,163.0,...,0.0,0.0,0.0,0.0,,3,0.267290055751801,0.57374370098114,0.814101874828339,0.782908856868744,3,44.8276138305664,33.1040458679199,17.8724517822266,13.6986751556396,8.01893043518066,3.34293603897095,37090.0,4.0,8.3,4883342.0,0.2
1998,Arkansas,5.15,8.17,5.15,8.17,5.15,8.17,163.0,5.15[c],5.15,8.17,5.15,8.17,[c],4,0.248622417449951,0.561294376850128,0.79296088218689,0.690742552280426,4,41.014087677002,29.9329662322998,15.8244705200195,11.3685903549194,6.34159708023071,2.85239243507385,27665.0,5.0,4.3,2626289.0,0.25
1998,California,5.15,8.17,5.15,8.17,5.15,8.17,163.0,5.15,5.15,8.17,5.15,8.17,,5,0.30498394370079,0.621916592121124,0.879364788532257,0.948869109153748,5,46.2018661499023,34.9180335998535,19.797477722168,16.1793804168701,9.69936847686768,4.3668475151062,40934.0,5.0,7.2,32987675.0,0.14285714285714285
1998,Colorado,5.15,8.17,5.15,8.17,5.15,8.17,163.0,5.15,5.15,8.17,5.15,8.17,,6,0.28478929400444,0.586810946464539,0.827390789985657,0.837433695793152,6,43.4100189208984,32.3020439147949,17.6852493286133,14.222635269165,8.24959182739258,3.49085783958435,46599.0,3.0,9.8,4116639.0,0.14285714285714285
1998,Connecticut,5.18,8.22,5.15,8.17,5.18,8.22,163.0,5.18,5.18,8.22,5.18,8.22,,7,0.354258328676224,0.642306089401245,0.912092208862305,1.17742514610291,7,54.8416633605957,44.4308090209961,28.1065444946289,22.2949981689453,13.2971067428589,5.99919414520264,46508.0,3.0,5.0,3365352.0,0.2
1998,Florida,0.0,0.0,5.15,8.17,5.15,8.17,163.0,...,0.0,0.0,0.0,0.0,,10,0.31792476773262,0.621242582798004,0.883927583694458,1.05119931697845,10,52.0993843078613,40.5990600585938,24.3831233978271,20.0877838134766,12.1334266662598,5.54777765274048,34909.0,4.0,6.8,15486559.0,0.5
1998,Georgia,3.25,5.16,5.15,8.17,5.15,8.17,163.0,3.25(d),3.25,5.16,3.25,5.16,(d),11,0.278582245111465,0.57941335439682,0.828365862369537,0.791790783405304,11,43.8617744445801,32.2948684692383,16.9595413208008,12.9658918380737,7.20409250259399,2.82558536529541,38665.0,4.0,9.3,7863536.0,0.25
1998,Hawaii,5.25,8.33,5.15,8.17,5.25,8.33,163.0,5.25,5.25,8.33,5.25,8.33,,12,0.231673330068588,0.557972848415375,0.784011542797089,0.575491905212402,12,34.3837242126465,23.9248352050781,11.4775295257568,7.73794269561768,4.01041412353516,1.50191414356232,40827.0,6.0,-0.2,1215233.0,0.3333333333333333
1998,Idaho,5.15,8.17,5.15,8.17,5.15,8.17,163.0,5.15,5.15,8.17,5.15,8.17,,13,0.247664570808411,0.574733674526215,0.796971440315247,0.677748143672943,13,37.8579978942871,27.4819164276123,14.7974529266357,10.6067228317261,5.95379114151001,2.45201992988586,36680.0,5.0,5.3,1252330.0,0.3333333333333333
1998,Illinois,5.15,8.17,5.15,8.17,5.15,8.17,163.0,5.15[c],5.15,8.17,5.15,8.17,[c],14,0.303023248910904,0.596150755882263,0.84376585483551,0.921306252479553,14,45.5160522460938,34.6289443969727,19.8515949249268,16.3216590881348,9.32263946533203,3.99682545661926,43178.0,4.0,5.0,12271847.0,0.25
1998,Indiana,3.35,5.32,5.15,8.17,5.15,8.17,163.0,3.35(e),3.35,5.32,3.35,5.32,(e),15,0.2569919526577,0.552232682704926,0.783783972263336,0.704273343086243,15,40.4586982727051,29.5048751831055,15.8659543991089,11.7039251327515,6.63532209396362,2.75818777084351,39731.0,3.0,8.2,5998880.0,0.3333333333333333
1998,Iowa,5.15,8.17,5.15,8.17,5.15,8.17,163.0,5.15,5.15,8.17,5.15,8.17,,16,0.239211961627007,0.541746914386749,0.763957858085632,0.627498686313629,16,36.5822715759277,26.0595378875732,13.6073608398438,9.56065845489502,5.19213104248047,2.14472651481628,37019.0,2.0,2.4,2902872.0,0.2
1998,Kansas,2.65,4.21,5.15,8.17,5.15,8.17,163.0,2.65,2.65,4.21,2.65,4.21,,17,0.257743299007416,0.556504905223846,0.789763450622559,0.702056169509888,17,39.2321014404297,28.4793262481689,14.7726135253906,10.9148921966553,6.16612958908081,2.4754011631012,36711.0,3.0,5.0,2660598.0,0.25
1998,Kentucky,4.25,6.74,5.15,8.17,5.15,8.17,163.0,4.25,4.25,6.74,4.25,6.74,,18,0.252588123083115,0.554089367389679,0.78645533323288,0.677575528621674,18,41.628963470459,30.1162357330322,15.89870262146,11.2228164672852,5.94158887863159,2.28478837013245,36252.0,4.0,4.6,3985390.0,0.3333333333333333
1998,Louisiana,0.0,0.0,5.15,8.17,5.15,8.17,163.0,...,0.0,0.0,0.0,0.0,,19,0.268065124750137,0.574885308742523,0.821420967578888,0.730952799320221,19,42.553295135498,31.0440616607666,16.6220226287842,11.6647510528564,6.10407590866089,2.30228662490845,31735.0,5.0,3.4,4440344.0,0.25
1998,Maryland,5.15,8.17,5.15,8.17,5.15,8.17,163.0,5.15,5.15,8.17,5.15,8.17,,21,0.266994595527649,0.563262641429901,0.800932705402374,0.744280993938446,21,42.5035285949707,30.591796875,15.8911466598511,12.4213562011719,7.10987234115601,2.93480849266052,50016.0,4.0,6.7,5204464.0,0.5
1998,Missouri,5.15,8.17,5.15,8.17,5.15,8.17,163.0,5.15,5.15,8.17,5.15,8.17,,26,0.265436947345734,0.565257668495178,0.803134381771088,0.753294408321381,26,41.3408699035645,30.3643131256104,16.380298614502,12.1964588165283,7.09251022338867,2.99300527572632,40201.0,4.0,4.0,5521765.0,0.2
1998,Nevada,5.15,8.17,5.15,8.17,5.15,8.17,163.0,5.15,5.15,8.17,5.15,8.17,,29,0.316299736499786,0.613708853721619,0.855135858058929,1.1447821855545,29,49.0412521362305,39.4200134277344,26.4058723449707,22.7503185272217,14.8375339508057,7.72485208511353,39756.0,4.0,8.1,1853191.0,0.2
1998,Ohio,4.25,6.74,5.15,8.17,5.15,8.17,163.0,4.25(g),4.25,6.74,4.25,6.74,(g),36,0.249983742833138,0.537774682044983,0.761528611183167,0.680589199066162,36,39.7625885009766,29.1022529602051,15.1794881820679,11.0681409835815,6.04185104370117,2.3537335395813,38925.0,4.0,5.4,11311536.0,0.3333333333333333
1998,Oklahoma,5.15,8.17,5.15,8.17,5.15,8.17,163.0,5.15(g),5.15,8.17,5.15,8.17,(g),37,0.252818018198013,0.567827582359314,0.798567533493042,0.691587567329407,37,39.2224273681641,28.4273872375488,15.137993812561,10.8583154678345,6.01036262512207,2.45461106300354,33727.0,4.0,2.7,3405194.0,0.25
1998,Oregon,6.0,9.52,5.15,8.17,6.0,9.52,163.0,6,6.0,9.52,6.0,9.52,,38,0.255357414484024,0.566056489944458,0.798200190067291,0.701244652271271,38,41.2128219604492,29.9678726196289,15.3933029174805,11.3101472854614,6.32697534561157,2.49562048912048,39067.0,5.0,4.2,3352449.0,0.14285714285714285
1998,Pennsylvania,5.15,8.17,5.15,8.17,5.15,8.17,163.0,5.15,5.15,8.17,5.15,8.17,,39,0.277737885713577,0.571593105792999,0.810958385467529,0.790994942188263,39,43.5403747558594,32.2173500061035,17.2720928192139,13.2025508880615,7.67948722839355,3.19224858283997,39015.0,4.0,4.8,12245672.0,0.25
1998,Utah,5.15,8.17,5.15,8.17,5.15,8.17,163.0,5.15,5.15,8.17,5.15,8.17,,45,0.264560699462891,0.562326192855835,0.796412944793701,0.730305433273315,45,39.2454833984375,28.8160972595215,15.2648506164551,11.4211692810059,6.64427089691162,2.70738458633423,44299.0,3.0,8.0,2165960.0,0.25
1998,Vermont,5.25,8.33,5.15,8.17,5.25,8.33,163.0,5.25(e),5.25,8.33,5.25,8.33,(e),46,0.254332274198532,0.56129378080368,0.793713569641113,0.676243841648102,46,41.906867980957,30.374662399292,15.3566913604736,10.9865007400513,5.9300856590271,2.17181277275085,39372.0,3.0,4.1,600416.0,0.14285714285714285
1998,Washington,4.9,7.78,5.15,8.17,5.15,8.17,163.0,4.9,4.9,7.78,4.9,7.78,,48,0.294980406761169,0.587202548980713,0.822267234325409,0.951229989528656,48,47.0645751953125,36.1755332946777,21.9821357727051,18.2892551422119,11.5045032501221,5.49278593063354,47421.0,4.0,8.2,5769562.0,0.5
1998,Wisconsin,5.15,8.17,5.15,8.17,5.15,8.17,163.0,5.15,5.15,8.17,5.15,8.17,,50,0.256759136915207,0.547994136810303,0.774842917919159,0.717265486717224,50,40.0087852478027,29.4675197601318,15.982349395752,12.050989151001,7.03625059127808,2.96299362182617,41327.0,3.0,6.0,5297672.0,0.16666666666666666
2000,Arizona,0.0,0.0,5.15,7.74,5.15,7.74,172.2,...,0.0,0.0,0.0,0.0,,3,0.270866274833679,0.576278984546661,0.816315054893494,0.798055231571198,3,45.487174987793,33.8040313720703,18.3229808807373,13.9449834823608,8.40118598937988,3.52075481414795,39783.0,4.0,6.0,5160586.0,0.0
2000,California,5.75,8.64,5.15,7.74,5.75,8.64,172.2,5.75,5.75,8.64,5.75,8.64,,5,0.358754187822342,0.654662013053894,0.935934543609619,1.26199769973755,5,55.1848564147949,44.3967361450195,28.9101371765137,23.5810508728027,15.9705657958984,8.25598621368408,46816.0,4.0,9.5,33987977.0,0.14285714285714285
2000,Connecticut,6.15,9.24,5.15,7.74,6.15,9.24,172.2,6.15,6.15,9.24,6.15,9.24,,7,0.379916161298752,0.655693233013153,0.939162254333496,1.32581579685211,7,58.5980834960938,48.7081413269043,32.7155876159668,25.8810501098633,16.6005058288574,8.10306835174561,50172.0,2.0,8.8,3411777.0,0.25
2000,Delaware,5.65,8.49,5.15,7.74,5.65,8.49,172.2,5.65,5.65,8.49,5.65,8.49,,8,0.274480819702148,0.562413811683655,0.802875339984894,0.803552210330963,8,43.9791412353516,32.4227142333984,17.9433403015137,14.1150398254395,8.71945953369141,3.89626955986023,50365.0,3.0,7.6,786373.0,0.2
2000,Florida,0.0,0.0,5.15,7.74,5.15,7.74,172.2,...,0.0,0.0,0.0,0.0,,10,0.325165808200836,0.627933740615845,0.895324885845184,1.07772445678711,10,53.1428489685059,41.8113670349121,25.440502166748,20.7050533294678,12.8216066360474,5.95074701309204,38856.0,3.0,6.9,16047515.0,0.125
2000,Georgia,3.25,4.88,5.15,7.74,5.15,7.74,172.2,3.25(d),3.25,4.88,3.25,4.88,(d),11,0.28795924782753,0.587977647781372,0.840357840061188,0.837447643280029,11,44.3500595092773,33.1228485107422,17.8035583496094,13.7682447433472,7.88287591934204,3.16849637031555,41901.0,3.0,5.7,8227303.0,0.16666666666666666
2000,Hawaii,5.25,7.89,5.15,7.74,5.25,7.89,172.2,5.25,5.25,7.89,5.25,7.89,,12,0.248619884252548,0.56360787153244,0.796619296073914,0.658048212528229,12,37.0773811340332,26.3066749572754,13.1959552764893,9.33004283905029,5.52054929733276,2.32877779006958,51546.0,4.0,5.8,1213519.0,0.2
2000,Indiana,5.15,7.74,5.15,7.74,5.15,7.74,172.2,5.15(e),5.15,7.74,5.15,7.74,(e),15,0.251424819231033,0.550101459026337,0.779632568359375,0.662255346775055,15,38.7057189941406,27.8953762054443,14.4392414093018,10.2868585586548,5.81838750839233,2.2352352142334,40865.0,3.0,5.5,6091866.0,0.3333333333333333
2000,Maine,5.15,7.74,5.15,7.74,5.15,7.74,172.2,5.15,5.15,7.74,5.15,7.74,,20,0.259330749511719,0.552585422992706,0.783397555351257,0.740767657756805,20,43.0695114135742,31.9974250793457,17.1608448028564,12.4825620651245,7.72916269302368,3.49189138412476,37266.0,3.0,7.2,1277072.0,0.5
2000,Maryland,5.15,7.74,5.15,7.74,5.15,7.74,172.2,5.15,5.15,7.74,5.15,7.74,,21,0.283493995666504,0.575559914112091,0.817020297050476,0.833580493927002,21,43.7710456848145,32.8847045898438,17.9319171905518,14.4568004608154,8.73302459716797,3.94735646247864,54535.0,3.0,6.6,5311034.0,0.25
2000,Massachusetts,6.0,9.01,5.15,7.74,6.0,9.01,172.2,6,6.0,9.01,6.0,9.01,,22,0.360962927341461,0.637267768383026,0.912906050682068,1.26303780078888,22,58.9280204772949,48.2028770446777,31.8972511291504,25.5314846038818,17.2636108398438,8.90343952178955,46753.0,2.0,9.2,6361104.0,0.1111111111111111
2000,Michigan,5.15,7.74,5.15,7.74,5.15,7.74,172.2,5.15(e),5.15,7.74,5.15,7.74,(e),23,0.266775727272034,0.562266767024994,0.802434682846069,0.717274487018585,23,42.2300643920898,30.1702289581299,15.529070854187,11.5687446594238,6.82681655883789,2.76412272453308,45512.0,3.0,4.1,9952450.0,0.14285714285714285
2000,Minnesota,4.9,7.36,5.15,7.74,5.15,7.74,172.2,4.90 - 5.15(g),4.9,7.36,5.15,7.74,(g),24,0.279406368732452,0.568556487560272,0.804026067256927,0.810849130153656,24,41.9955978393555,31.4761390686035,17.3256130218506,13.7758293151855,8.00669384002686,3.38072443008423,54251.0,3.0,9.0,4933692.0,0.125
2000,Mississippi,0.0,0.0,5.15,7.74,5.15,7.74,172.2,...,0.0,0.0,0.0,0.0,,25,0.248741492629051,0.557051479816437,0.794810235500336,0.671514511108398,25,39.7945365905762,28.7869491577148,15.1439371109009,10.4144201278687,5.69734144210815,2.31329584121704,34299.0,5.0,2.8,2848353.0,0.2
2000,Missouri,5.15,7.74,5.15,7.74,5.15,7.74,172.2,5.15,5.15,7.74,5.15,7.74,,26,0.271634727716446,0.570598185062408,0.809938907623291,0.779232323169708,26,41.8713989257813,30.9597778320313,16.8764038085938,12.5610189437866,7.72297763824463,3.37446141242981,45097.0,3.0,5.1,5607285.0,0.14285714285714285
2000,Montana,4.0,6.01,5.15,7.74,5.15,7.74,172.2,4.00 - 5.15(g),4.0,6.01,5.15,7.74,(g),27,0.259156256914139,0.5869260430336,0.824587106704712,0.687187612056732,27,40.1455955505371,29.2849807739258,15.2197952270508,10.3336610794067,5.73207330703735,2.35984206199646,32777.0,5.0,5.1,903773.0,0.3333333333333333
2000,Nebraska,5.15,7.74,5.15,7.74,5.15,7.74,172.2,5.15[c],5.15,7.74,5.15,7.74,[c],28,0.274295687675476,0.582527875900269,0.817409098148346,0.820029377937317,28,39.2478218078613,29.4168758392334,16.8014259338379,12.8211803436279,8.50416564941406,4.18192195892334,41750.0,2.0,5.3,1713820.0,0.3333333333333333
2000,Nevada,5.15,7.74,5.15,7.74,5.15,7.74,172.2,5.15,5.15,7.74,5.15,7.74,,29,0.326797127723694,0.620887398719788,0.870780050754547,1.20136332511902,29,51.4084434509277,41.7488288879395,28.5646686553955,23.9414443969727,16.5478172302246,8.9538631439209,45758.0,4.0,7.3,2018741.0,0.1111111111111111
2000,Ohio,2.8,4.21,5.15,7.74,5.15,7.74,172.2,2.80 - 4.25(g),2.8,4.21,4.25,6.38,(g),36,0.247413232922554,0.541358947753906,0.764305591583252,0.658115983009338,36,38.7397651672363,28.216646194458,14.301833152771,10.211859703064,5.7114315032959,2.12950754165649,42962.0,4.0,4.1,11363543.0,0.2
2000,Pennsylvania,5.15,7.74,5.15,7.74,5.15,7.74,172.2,5.15,5.15,7.74,5.15,7.74,,39,0.285121947526932,0.579463124275208,0.819043040275574,0.825526654720306,39,44.4967651367188,33.2253456115723,18.0891647338867,13.8577833175659,8.48470306396484,3.71283793449402,42176.0,4.0,4.5,12284173.0,0.2
2000,Tennessee,0.0,0.0,5.15,7.74,5.15,7.74,172.2,...,0.0,0.0,0.0,0.0,,43,0.269223809242249,0.571156144142151,0.810942769050598,0.774129927158356,43,42.0684471130371,31.2873058319092,16.8458251953125,12.3734512329102,7.43785238265991,3.12924909591675,34096.0,3.0,3.4,5703719.0,0.125
2000,Texas,3.35,5.03,5.15,7.74,5.15,7.74,172.2,3.35,3.35,5.03,3.35,5.03,,44,0.314741790294647,0.617575526237488,0.882685303688049,0.989275097846985,44,45.0860748291016,34.5292778015137,20.0879592895508,16.1539535522461,10.0611896514893,4.64330720901489,38609.0,4.0,8.6,20944499.0,0.25
2000,Utah,5.15,7.74,5.15,7.74,5.15,7.74,172.2,5.15,5.15,7.74,5.15,7.74,,45,0.272312641143799,0.573659360408783,0.806679964065552,0.788878083229065,45,40.3454360961914,30.060546875,16.6686859130859,12.6356258392334,8.02077293395996,3.62163591384888,47550.0,3.0,6.6,2244502.0,0.25
2000,Vermont,5.75,8.64,5.15,7.74,5.75,8.64,172.2,5.75(e),5.75,8.64,5.75,8.64,(e),46,0.263019055128098,0.563124895095825,0.797941029071808,0.719035863876343,46,42.7378082275391,31.3167610168457,16.0016956329346,11.6550025939941,6.85413360595703,2.70328593254089,39594.0,2.0,6.7,609618.0,0.125
2000,Virginia,5.15,7.74,5.15,7.74,5.15,7.74,172.2,5.15[c],5.15,7.74,5.15,7.74,[c],47,0.277797996997833,0.576738476753235,0.82278448343277,0.790113985538483,47,43.2290687561035,31.8208122253418,16.5117168426514,12.9972677230835,7.77644157409668,3.3846743106842,47163.0,2.0,7.4,7105817.0,0.3333333333333333
2000,Washington,6.5,9.76,5.15,7.74,6.5,9.76,172.2,6.5,6.5,9.76,6.5,9.76,,48,0.311864346265793,0.601327419281006,0.842787206172943,1.04378664493561,48,49.7572631835938,39.0420150756836,24.6755695343018,20.4594554901123,13.4358501434326,6.70862674713135,42525.0,5.0,3.4,5910512.0,0.3333333333333333
2000,Wisconsin,5.15,7.74,5.15,7.74,5.15,7.74,172.2,5.15,5.15,7.74,5.15,7.74,,50,0.258713990449905,0.549108743667603,0.773389458656311,0.718540787696838,50,39.9733467102051,29.4076080322266,15.8326196670532,11.8555345535278,7.13321495056152,2.9936375617981,45088.0,3.0,4.8,5373999.0,0.16666666666666666
2000,Wyoming,1.6,2.4,5.15,7.74,5.15,7.74,172.2,1.6,1.6,2.4,1.6,2.4,,51,0.354948103427887,0.639612674713135,0.895028293132782,1.31998288631439,51,50.6969680786133,41.6971168518066,29.6030941009521,25.2172966003418,18.4757385253906,10.7814092636108,39629.0,3.0,9.4,494300.0,0.3333333333333333
2002,Alabama,0.0,0.0,5.15,7.4,5.15,7.4,179.9,...,0.0,0.0,0.0,0.0,,1,0.248714134097099,0.560690462589264,0.795300602912903,0.621424853801727,1,41.7096900939941,30.3967800140381,14.1491260528564,10.6898603439331,5.70608425140381,2.26270961761475,37603.0,5.0,4.1,4480089.0,0.25
2002,Alaska,5.65,8.12,5.15,7.4,5.65,8.12,179.9,5.65,5.65,8.12,5.65,8.12,,2,0.246040537953377,0.571666777133942,0.813963830471039,0.54269939661026,2,33.9528274536133,22.2301998138428,10.2246255874634,7.37375736236572,3.53305006027222,1.20042300224304,52774.0,7.0,4.1,642337.0,0.16666666666666666
2002,Arkansas,5.15,7.4,5.15,7.4,5.15,7.4,179.9,5.15[c],5.15,7.4,5.15,7.4,[c],4,0.242446601390839,0.564712166786194,0.785298585891724,0.610610246658325,4,41.1774139404297,30.2338771820068,14.2356443405151,10.9782800674438,5.96265172958374,2.4239068031311,32387.0,5.0,4.7,2705927.0,0.5
2002,Colorado,5.15,7.4,5.15,7.4,5.15,7.4,179.9,5.15,5.15,7.4,5.15,7.4,,6,0.270958662033081,0.571272194385529,0.813342869281769,0.748919308185577,6,40.4201965332031,28.8288421630859,15.0029134750366,11.4712066650391,6.29547691345215,2.59754920005798,48294.0,5.0,1.9,4490406.0,0.16666666666666666
2002,Delaware,6.15,8.84,5.15,7.4,6.15,8.84,179.9,6.15,6.15,8.84,6.15,8.84,,8,0.256471902132034,0.540288031101227,0.778032660484314,0.675468385219574,8,39.2264709472656,27.5333881378174,14.1591663360596,10.8400707244873,5.96697092056274,2.47259092330933,49650.0,4.0,-1.6,806169.0,0.2
2002,Georgia,5.15,7.4,5.15,7.4,5.15,7.4,179.9,5.15(d),5.15,7.4,5.15,7.4,(d),11,0.268409609794617,0.573430716991425,0.8162801861763,0.7167027592659,11,41.968448638916,30.1219921112061,14.9027671813965,11.1953611373901,5.89747667312622,2.2948145866394,42939.0,5.0,3.0,8508256.0,0.3333333333333333
2002,Idaho,5.15,7.4,5.15,7.4,5.15,7.4,179.9,5.15,5.15,7.4,5.15,7.4,,13,0.234604641795158,0.57258403301239,0.793710350990295,0.570279598236084,13,36.8109359741211,26.6418495178223,12.2988481521606,9.26130867004395,4.90577507019043,1.92412352561951,37715.0,5.0,3.5,1340372.0,0.3333333333333333
2002,Illinois,5.15,7.4,5.15,7.4,5.15,7.4,179.9,5.15[c],5.15,7.4,5.15,7.4,[c],14,0.283616960048676,0.583737671375275,0.831021368503571,0.808606266975403,14,44.3200569152832,32.5116577148438,17.4461994171143,13.546272277832,7.7048168182373,3.34584522247314,42710.0,6.0,2.5,12525556.0,0.3333333333333333
2002,Iowa,5.15,7.4,5.15,7.4,5.15,7.4,179.9,5.15,5.15,7.4,5.15,7.4,,16,0.221676260232925,0.531392991542816,0.749436557292938,0.501336932182312,16,35.0473937988281,25.1280632019043,11.2963762283325,8.39183616638184,4.30740785598755,1.61500895023346,41049.0,4.0,4.4,2934234.0,0.2
2002,Kansas,2.65,3.81,5.15,7.4,5.15,7.4,179.9,2.65,2.65,3.81,2.65,3.81,,17,0.245204970240593,0.557558596134186,0.78694224357605,0.604538202285767,17,38.6101455688477,27.6232795715332,13.2508249282837,9.94355773925781,5.2248420715332,2.02574825286865,42619.0,5.0,2.8,2713535.0,0.0
2002,Kentucky,5.15,7.4,5.15,7.4,5.15,7.4,179.9,5.15,5.15,7.4,5.15,7.4,,18,0.236798197031021,0.551433086395264,0.777999758720398,0.563596785068512,18,40.5838890075684,29.1579551696777,13.1841716766357,9.78617000579834,5.01349401473999,1.87460672855377,36762.0,5.0,4.2,4089875.0,0.5
2002,Louisiana,0.0,0.0,5.15,7.4,5.15,7.4,179.9,...,0.0,0.0,0.0,0.0,,19,0.253222405910492,0.575815498828888,0.81224000453949,0.633152067661285,19,41.5789680480957,30.368558883667,14.1483840942383,10.6126556396484,5.57100772857666,2.15696334838867,34008.0,6.0,1.2,4497267.0,0.2727272727272727
2002,Maine,5.75,8.27,5.15,7.4,5.75,8.27,179.9,5.75,5.75,8.27,5.75,8.27,,20,0.232709974050522,0.537557542324066,0.758404433727264,0.557066142559052,20,40.4486656188965,29.1399154663086,13.2399635314941,9.83711433410645,5.05095100402832,1.89470493793488,36853.0,4.0,4.4,1295960.0,0.5
2002,Massachusetts,6.75,9.71,5.15,7.4,6.75,9.71,179.9,6.75,6.75,9.71,6.75,9.71,,22,0.297796875238419,0.583731412887573,0.837505698204041,0.894533276557922,22,46.4637565612793,34.4546089172363,18.3691539764404,14.157735824585,7.91540193557739,3.35381293296814,49855.0,5.0,2.0,6417206.0,0.2
2002,Michigan,5.15,7.4,5.15,7.4,5.15,7.4,179.9,5.15(e),5.15,7.4,5.15,7.4,(e),23,0.246884241700172,0.550518989562988,0.784834384918213,0.59858500957489,23,41.654914855957,28.8833808898926,13.8825340270996,10.3984832763672,5.44063138961792,2.09658241271973,42715.0,6.0,3.9,10015710.0,0.2
2002,Minnesota,4.9,7.05,5.15,7.4,5.15,7.4,179.9,4.90 - 5.15(g),4.9,7.05,5.15,7.4,(g),24,0.256544172763824,0.549884557723999,0.782268047332764,0.678350448608398,24,40.823314666748,29.0777645111084,14.7493457794189,11.1588315963745,5.97566413879395,2.38057422637939,54622.0,4.0,3.9,5018935.0,0.2222222222222222
2002,Mississippi,0.0,0.0,5.15,7.4,5.15,7.4,179.9,...,0.0,0.0,0.0,0.0,,25,0.239143744111061,0.564301431179047,0.783407807350159,0.58285254240036,25,40.6068115234375,29.3336582183838,13.1108627319336,10.1680898666382,5.37376594543457,2.10077357292175,30882.0,6.0,2.8,2858681.0,0.0
2002,Missouri,5.15,7.4,5.15,7.4,5.15,7.4,179.9,5.15,5.15,7.4,5.15,7.4,,26,0.251276969909668,0.559340536594391,0.790935039520264,0.643413186073303,26,40.3160438537598,29.2649250030518,14.3338632583618,10.9132404327393,5.93053245544434,2.41271567344666,42776.0,5.0,3.3,5674825.0,0.25
2002,Montana,4.0,5.75,5.15,7.4,5.15,7.4,179.9,4.00 - 5.15(g),4.0,5.75,5.15,7.4,(g),27,0.242452129721642,0.59556257724762,0.81712019443512,0.592082381248474,27,39.8088684082031,29.170223236084,13.7701263427734,10.5151176452637,5.64451932907104,2.25640964508057,34835.0,4.0,4.7,911667.0,0.25
2002,Nebraska,5.15,7.4,5.15,7.4,5.15,7.4,179.9,5.15[c],5.15,7.4,5.15,7.4,[c],28,0.247879296541214,0.570396900177002,0.797958493232727,0.64338093996048,28,36.3597221374512,26.7775936126709,13.3165407180786,10.2785148620605,5.76610279083252,2.45502233505249,42796.0,3.0,3.4,1728292.0,0.25
2002,Oklahoma,2.0,2.88,5.15,7.4,5.15,7.4,179.9,2.00 - 5.15(g),2.0,2.88,5.15,7.4,(g),37,0.247302755713463,0.570544183254242,0.797973871231079,0.629059135913849,37,37.7870712280273,27.4934825897217,12.9383068084717,9.90763759613037,5.39182376861572,2.19807887077332,36458.0,4.0,2.5,3489080.0,0.3333333333333333
2002,Oregon,6.5,9.35,5.15,7.4,6.5,9.35,179.9,6.5,6.5,9.35,6.5,9.35,,38,0.243272811174393,0.559031784534454,0.786958515644073,0.600058615207672,38,40.2896728515625,28.6739921569824,13.427562713623,9.9652738571167,5.1033992767334,1.90723419189453,41802.0,7.0,3.3,3513424.0,0.2
2002,Tennessee,0.0,0.0,5.15,7.4,5.15,7.4,179.9,...,0.0,0.0,0.0,0.0,,43,0.256706267595291,0.567479372024536,0.799705445766449,0.680109322071075,43,40.5680732727051,29.9313125610352,14.5206146240234,11.0218563079834,5.94741296768188,2.395263671875,37030.0,5.0,5.1,5795918.0,0.1111111111111111
2002,Texas,5.15,7.4,5.15,7.4,5.15,7.4,179.9,5.15,5.15,7.4,5.15,7.4,,44,0.283895432949066,0.596433699131012,0.845877289772034,0.801805436611176,44,41.5179214477539,30.2732105255127,15.72438621521,12.1236400604248,6.78377294540405,2.87773585319519,40149.0,6.0,1.9,21690325.0,0.2
2002,Virginia,5.15,7.4,5.15,7.4,5.15,7.4,179.9,5.15[c],5.15,7.4,5.15,7.4,[c],47,0.260153740644455,0.550977885723114,0.795125663280487,0.671980559825897,47,39.7111587524414,27.6277122497559,13.5148611068726,10.0128793716431,5.10740327835083,1.89788913726807,49631.0,4.0,3.2,7286873.0,0.0
2002,Wyoming,5.15,7.4,5.15,7.4,5.15,7.4,179.9,5.15,5.15,7.4,5.15,7.4,,51,0.304585337638855,0.620488405227661,0.857979834079742,0.995380103588104,51,44.4760894775391,35.5363998413086,22.0469665527344,18.7637481689453,13.2067260742188,7.77899551391602,39763.0,4.0,2.5,500017.0,0.5
2004,Alabama,0.0,0.0,5.15,7.05,5.15,7.05,188.9,...,0.0,0.0,0.0,0.0,,1,0.263672590255737,0.606339871883392,0.811863124370575,0.697928965091705,1,42.4025840759277,31.4025993347168,16.122709274292,12.5678853988647,7.1783766746521,3.05982160568237,36629.0,5.0,9.6,4530729.0,0.3333333333333333
2004,Alaska,7.15,9.79,5.15,7.05,7.15,9.79,188.9,7.15,7.15,9.79,7.15,9.79,,2,0.247356534004211,0.590420961380005,0.82464075088501,0.579691052436829,2,34.8710289001465,23.9519367218018,11.8189878463745,8.81495189666748,4.54400587081909,1.67255020141602,55063.0,7.0,10.1,659286.0,0.125
2004,Arizona,0.0,0.0,5.15,7.05,5.15,7.05,188.9,...,0.0,0.0,0.0,0.0,,3,0.288286328315735,0.577191650867462,0.820435643196106,0.826982438564301,3,47.3455543518066,35.3726043701172,19.4150886535645,15.3576440811157,9.07524871826172,4.06124639511108,43846.0,5.0,6.5,5652404.0,0.3333333333333333
2004,Arkansas,5.15,7.05,5.15,7.05,5.15,7.05,188.9,5.15[c],5.15,7.05,5.15,7.05,[c],4,0.250700056552887,0.619655907154083,0.791096568107605,0.639796793460846,4,42.2732963562012,31.6699085235596,15.5980443954468,12.0923309326172,6.81927013397217,2.85421919822693,34984.0,5.0,8.0,2749686.0,0.25
2004,California,6.75,9.24,5.15,7.05,6.75,9.24,188.9,6.75,6.75,9.24,6.75,9.24,,5,0.32800880074501,0.608567416667938,0.891285955905914,1.03273522853851,5,48.6751556396484,37.5235137939453,21.681770324707,17.4119701385498,10.656928062439,5.01477003097534,49222.0,6.0,6.7,35574576.0,0.16666666666666666
2004,Colorado,5.15,7.05,5.15,7.05,5.15,7.05,188.9,5.15,5.15,7.05,5.15,7.05,,6,0.293812334537506,0.571258068084717,0.831451833248138,0.849613010883331,6,43.95361328125,32.5694618225098,18.1174926757813,14.2987089157104,8.40504837036133,3.73305130004883,50886.0,5.0,3.9,4575013.0,0.14285714285714285
2004,Connecticut,7.1,9.72,5.15,7.05,7.1,9.72,188.9,7.1,7.1,9.72,7.1,9.72,,7,0.372770696878433,0.607479095458984,0.924536347389221,1.29052495956421,7,54.7533073425293,46.7350997924805,28.5586051940918,23.6945762634277,15.6425933837891,8.20280075073242,55100.0,5.0,9.4,3496094.0,0.25
2004,Florida,0.0,0.0,5.15,7.05,5.15,7.05,188.9,...,0.0,0.0,0.0,0.0,,10,0.336617827415466,0.646859884262085,0.909532427787781,1.11352276802063,10,54.1092567443848,43.2890396118164,26.5543670654297,21.9839363098145,14.4403257369995,7.51795530319214,40535.0,4.0,9.0,17415318.0,0.14285714285714285
2004,Georgia,5.15,7.05,5.15,7.05,5.15,7.05,188.9,5.15(d),5.15,7.05,5.15,7.05,(d),11,0.285410553216934,0.598686695098877,0.840370953083038,0.799115180969238,11,44.0821151733398,32.3968505859375,17.038854598999,13.1479940414429,7.33491849899292,3.02295660972595,40984.0,4.0,6.9,8769252.0,0.2
2004,Hawaii,6.25,8.56,5.15,7.05,6.25,8.56,188.9,6.25,6.25,8.56,6.25,8.56,,12,0.261986970901489,0.566461622714996,0.795161247253418,0.678414165973663,12,38.7405090332031,27.7366619110107,14.2211971282959,10.868748664856,5.92952156066895,2.36692690849304,56242.0,3.0,9.9,1273569.0,0.25
2004,Idaho,5.15,7.05,5.15,7.05,5.15,7.05,188.9,5.15,5.15,7.05,5.15,7.05,,13,0.25815361738205,0.61133199930191,0.813795387744904,0.682329654693604,13,38.9901962280273,29.1574954986572,15.1670951843262,11.9226808547974,6.94395208358765,3.04363608360291,44358.0,4.0,8.5,1391802.0,0.0
2004,Illinois,5.5,7.53,5.15,7.05,5.5,7.53,188.9,5.50[c],5.5,7.53,5.5,7.53,[c],14,0.30442801117897,0.588453531265259,0.850366473197937,0.912899076938629,14,46.7777404785156,35.2689437866211,20.089298248291,16.0214233398438,9.64895915985107,4.43688249588013,46077.0,6.0,5.8,12589773.0,0.2
2004,Indiana,5.15,7.05,5.15,7.05,5.15,7.05,188.9,5.15(e),5.15,7.05,5.15,7.05,(e),15,0.247845351696014,0.562558054924011,0.778570890426636,0.613460898399353,15,39.1451568603516,28.1219863891602,14.3156385421753,11.066219329834,6.19899892807007,2.56988716125488,42329.0,5.0,6.0,6233007.0,0.3333333333333333
2004,Iowa,5.15,7.05,5.15,7.05,5.15,7.05,188.9,5.15,5.15,7.05,5.15,7.05,,16,0.236332818865776,0.548501551151276,0.754919290542603,0.55320817232132,16,35.0334129333496,25.2744464874268,12.3070240020752,9.35975742340088,5.04841041564941,1.98261296749115,43391.0,4.0,11.2,2953635.0,0.16666666666666666
2004,Kansas,2.65,3.63,5.15,7.05,5.15,7.05,188.9,2.65,2.65,3.63,2.65,3.63,,17,0.260877370834351,0.57868218421936,0.803342998027802,0.678155064582825,17,39.0147933959961,28.2828807830811,14.5111465454102,11.1363039016724,6.13410615921021,2.48246145248413,41066.0,5.0,3.6,2734373.0,0.25
2004,Kentucky,5.15,7.05,5.15,7.05,5.15,7.05,188.9,5.15,5.15,7.05,5.15,7.05,,18,0.245904237031937,0.591183364391327,0.786330699920654,0.603592455387115,18,41.3471984863281,30.2659778594971,14.7624111175537,11.2887210845947,6.16668224334717,2.46619558334351,35610.0,5.0,5.5,4146101.0,0.5
2004,Louisiana,0.0,0.0,5.15,7.05,5.15,7.05,188.9,...,0.0,0.0,0.0,0.0,,19,0.256048023700714,0.630615770816803,0.818931639194489,0.654369175434113,19,40.6719169616699,29.7016716003418,14.0945425033569,10.6845798492432,5.71985530853271,2.22229051589966,36429.0,5.0,10.0,4552238.0,0.5714285714285714
2004,Maryland,5.15,7.05,5.15,7.05,5.15,7.05,188.9,5.15,5.15,7.05,5.15,7.05,,21,0.290824413299561,0.536027848720551,0.807762622833252,0.817550361156464,21,40.2667007446289,30.4707489013672,16.3027229309082,12.623646736145,7.09931373596191,2.95974469184875,57103.0,4.0,7.8,5546935.0,0.14285714285714285
2004,Missouri,5.15,7.05,5.15,7.05,5.15,7.05,188.9,5.15,5.15,7.05,5.15,7.05,,26,0.261562466621399,0.58561110496521,0.802735090255737,0.687107503414154,26,40.5102958679199,29.7538070678711,15.4766235351563,12.0413274765015,6.84731721878052,2.90032267570496,42137.0,5.0,5.0,5747741.0,0.25
2004,Nevada,5.15,7.05,5.15,7.05,5.15,7.05,188.9,5.15,5.15,7.05,5.15,7.05,,29,0.3521948158741,0.614899456501007,0.891592085361481,1.22309613227844,29,55.5421714782715,45.8696212768555,30.959228515625,26.7933120727539,19.5089550018311,11.7695436477661,47204.0,4.0,14.5,2346222.0,0.16666666666666666
2004,Ohio,2.8,3.83,5.15,7.05,5.15,7.05,188.9,2.80 - 4.25(g),2.8,3.83,4.25,5.82,(g),36,0.251183599233627,0.557914912700653,0.765926003456116,0.636718571186066,36,40.3557968139648,29.6640167236328,15.2947044372559,11.850772857666,6.67467880249023,2.7886974811554,43055.0,6.0,4.9,11452251.0,0.3333333333333333
2004,Oklahoma,2.0,2.74,5.15,7.05,5.15,7.05,188.9,2.00 - 5.15(g),2.0,2.74,5.15,7.05,(g),37,0.263941138982773,0.61720871925354,0.812433183193207,0.717727661132813,37,40.5119132995605,30.7688255310059,16.3368339538574,13.0804061889648,7.95037031173706,3.70414900779724,39614.0,4.0,7.4,3525233.0,0.3333333333333333
2004,Oregon,7.05,9.65,5.15,7.05,7.05,9.65,188.9,7.05,7.05,9.65,7.05,9.65,,38,0.261472135782242,0.578541994094849,0.80541318655014,0.67678314447403,38,42.5448913574219,30.9441184997559,15.6767797470093,11.9790019989014,6.53244638442993,2.60601258277893,40994.0,7.0,7.2,3569463.0,0.16666666666666666
2004,Pennsylvania,5.15,7.05,5.15,7.05,5.15,7.05,188.9,5.15,5.15,7.05,5.15,7.05,,39,0.275348544120789,0.58105593919754,0.817375242710114,0.755313813686371,39,42.629695892334,31.2607135772705,16.5855903625488,12.8623580932617,7.25932550430298,3.04188847541809,44106.0,5.0,5.8,12410722.0,0.2
2004,Utah,5.15,7.05,5.15,7.05,5.15,7.05,188.9,5.15,5.15,7.05,5.15,7.05,,45,0.265267550945282,0.581894874572754,0.804160058498383,0.71573394536972,45,40.0051002502441,29.5514583587646,15.7814073562622,12.376350402832,7.16879749298096,3.11765909194946,50871.0,5.0,8.4,2401580.0,0.2
2004,Vermont,6.75,9.24,5.15,7.05,6.75,9.24,188.9,6.75(e),6.75,9.24,6.75,9.24,(e),46,0.252839833498001,0.574620425701141,0.792004406452179,0.63051849603653,46,39.6186981201172,28.6113815307617,14.2013759613037,10.7366485595703,5.71194362640381,2.19947528839111,47329.0,3.0,7.3,619920.0,0.14285714285714285
2004,Washington,7.16,9.8,5.15,7.05,7.16,9.8,188.9,7.16,7.16,9.8,7.16,9.8,,48,0.287424355745316,0.558364450931549,0.81199711561203,0.823850452899933,48,43.6399116516113,32.2239379882813,17.9750556945801,14.209662437439,8.38468551635742,3.74442362785339,49922.0,6.0,4.7,6178645.0,0.25
2004,Wisconsin,5.15,7.05,5.15,7.05,5.15,7.05,188.9,5.15,5.15,7.05,5.15,7.05,,50,0.256441444158554,0.550884604454041,0.77865743637085,0.663841724395752,50,39.4078674316406,28.6896572113037,15.2001533508301,11.8493947982788,6.76886653900146,2.8857958316803,45732.0,5.0,5.9,5514026.0,0.2
2006,Arizona,0.0,0.0,5.15,6.61,5.15,6.61,201.6,...,0.0,0.0,0.0,0.0,,3,0.319074481725693,0.597179532051086,0.854647040367126,0.99080628156662,3,50.7763023376465,38.5930213928223,23.075475692749,18.8134670257568,11.7007751464844,5.50588178634644,46657.0,4.0,8.7,6029141.0,0.25
2006,California,6.75,8.66,5.15,6.61,6.75,8.66,201.6,6.75,6.75,8.66,6.75,8.66,,5,0.355877697467804,0.624849259853363,0.925691843032837,1.17813158035278,5,50.1038589477539,40.1386337280273,24.025182723999,19.6349258422852,12.2800483703613,5.82481002807617,55319.0,4.0,7.0,36021202.0,0.14285714285714285
2006,Connecticut,7.4,9.49,5.15,6.61,7.4,9.49,201.6,7.4,7.4,9.49,7.4,9.49,,7,0.410813122987747,0.623358964920044,0.970157206058502,1.48724579811096,7,57.4934997558594,50.1858024597168,31.7464218139648,26.8863525390625,18.2655773162842,9.75259876251221,62404.0,4.0,6.8,3517460.0,0.16666666666666666
2006,Delaware,6.15,7.89,5.15,6.61,6.15,7.89,201.6,6.15,6.15,7.89,6.15,7.89,,8,0.306368619203568,0.563851416110992,0.826400876045227,0.911906957626343,8,43.8365097045898,33.0326385498047,19.1362648010254,15.3554649353027,9.20361995697021,4.10779333114624,52438.0,3.0,5.6,859268.0,0.3333333333333333
2006,Florida,6.4,8.21,5.15,6.61,6.4,8.21,201.6,6.4,6.4,8.21,6.4,8.21,,10,0.372420787811279,0.677420973777771,0.959074556827545,1.31036257743835,10,58.5970802307129,47.6422805786133,31.2488708496094,26.5897789001465,18.2625160217285,9.90456008911133,45676.0,3.0,6.8,18166990.0,0.125
2006,Hawaii,6.75,8.66,5.15,6.61,6.75,8.66,201.6,6.75,6.75,8.66,6.75,8.66,,12,0.282782346010208,0.573896706104279,0.812099993228912,0.784682154655457,12,40.3610229492188,28.9618110656738,15.9951362609863,12.5728588104248,7.18333148956299,2.993727684021,60470.0,2.0,6.3,1309731.0,0.3333333333333333
2006,Indiana,5.15,6.61,5.15,6.61,5.15,6.61,201.6,5.15(e),5.15,6.61,5.15,6.61,(e),15,0.265523672103882,0.590062379837036,0.807726860046387,0.701655149459839,15,41.5248794555664,29.748649597168,16.3214797973633,12.8821001052856,7.43043375015259,3.1391863822937,45407.0,5.0,4.8,6332669.0,0.0
2006,Maine,6.5,8.34,5.15,6.61,6.5,8.34,201.6,6.5,6.5,8.34,6.5,8.34,,20,0.261128187179565,0.604880213737488,0.801827669143677,0.680351197719574,20,42.0381126403809,30.5804443359375,16.1905784606934,12.5957889556885,7.02599573135376,2.82944774627686,45642.0,4.0,4.5,1323619.0,0.25
2006,Maryland,5.15,6.61,5.15,6.61,5.15,6.61,201.6,5.15,5.15,6.61,5.15,6.61,,21,0.317120432853699,0.546384215354919,0.834921717643738,0.948763787746429,21,41.3713531494141,32.3703804016113,17.6969680786133,13.8965368270874,7.92101001739502,3.29011130332947,63668.0,3.0,5.0,5627367.0,0.2
2006,Massachusetts,6.75,8.66,5.15,6.61,6.75,8.66,201.6,6.75,6.75,8.66,6.75,8.66,,22,0.359106004238129,0.594058096408844,0.902953147888184,1.19475221633911,22,50.5780220031738,41.6882476806641,24.7152881622314,20.1998023986816,12.6346111297607,5.99385738372803,55330.0,4.0,4.5,6410084.0,0.25
2006,Michigan,5.15,6.61,5.15,6.61,5.15,6.61,201.6,5.15(e),5.15,6.61,5.15,6.61,(e),23,0.273132741451263,0.595972895622253,0.833979308605194,0.726457715034485,23,44.2521324157715,30.9163856506348,16.6018486022949,12.9205636978149,7.2134051322937,2.90852355957031,48647.0,7.0,0.4,10036081.0,0.16666666666666666
2006,Minnesota,5.25,6.74,5.15,6.61,5.25,6.74,201.6,5.25 - 6.15(g),5.25,6.74,6.15,7.89,(g),24,0.300656080245972,0.570292055606842,0.828593194484711,0.88239586353302,24,43.4889450073242,32.9235649108887,18.5084819793701,14.6357574462891,8.47891426086426,3.60460805892944,56211.0,4.0,2.9,5163555.0,0.16666666666666666
2006,Mississippi,0.0,0.0,5.15,6.61,5.15,6.61,201.6,...,0.0,0.0,0.0,0.0,,25,0.258009821176529,0.707440733909607,0.834403157234192,0.678653359413147,25,45.2619895935059,33.6411285400391,18.0236301422119,14.3324747085571,8.41199493408203,3.64337635040283,34733.0,6.0,6.0,2904978.0,0.3333333333333333
2006,Missouri,5.15,6.61,5.15,6.61,5.15,6.61,201.6,5.15,5.15,6.61,5.15,6.61,,26,0.282768785953522,0.619018971920013,0.840684711933136,0.798447072505951,26,43.2745971679688,31.743408203125,17.8113765716553,14.1852426528931,8.35502624511719,3.63702654838562,44579.0,4.0,3.5,5842704.0,0.2
2006,Montana,4.0,5.13,5.15,6.61,5.15,6.61,201.6,4.00 - 5.15,4.0,5.13,5.15,6.61,,27,0.269621193408966,0.66426408290863,0.848719656467438,0.734981298446655,27,44.4489707946777,33.0543479919434,17.8391342163086,13.9330358505249,7.8432559967041,3.20012807846069,41105.0,3.0,8.0,952692.0,0.3333333333333333
2006,Nebraska,5.15,6.61,5.15,6.61,5.15,6.61,201.6,5.15[c],5.15,6.61,5.15,6.61,[c],28,0.282401144504547,0.605295896530151,0.828538656234741,0.805105447769165,28,40.3444976806641,30.0022926330566,17.5505847930908,14.2653455734253,8.80939102172852,4.10344409942627,48145.0,3.0,5.6,1772693.0,0.5
2006,Nevada,5.15,6.61,5.15,6.61,5.15,6.61,201.6,5.15,5.15,6.61,5.15,6.61,,29,0.378562539815903,0.628045439720154,0.920052468776703,1.35598754882813,29,56.2611999511719,46.5174942016602,32.2993469238281,28.2135906219482,20.5938549041748,12.1851205825806,52282.0,4.0,8.5,2522658.0,0.2
2006,Ohio,2.8,3.59,5.15,6.61,5.15,6.61,201.6,2.80 - 4.25(g),2.8,3.59,4.25,5.45,(g),36,0.269969940185547,0.585732519626617,0.797499001026154,0.728675186634064,36,41.9648551940918,30.5070114135742,16.6417217254639,13.0797672271729,7.47117710113525,3.1126344203949,45900.0,5.0,2.4,11481213.0,0.3333333333333333
2006,Pennsylvania,5.15,6.61,5.15,6.61,5.15,6.61,201.6,5.15,5.15,6.61,5.15,6.61,,39,0.299495309591293,0.606761276721954,0.852796196937561,0.881447494029999,39,46.2585983276367,34.1240310668945,19.436939239502,15.4877901077271,9.13306903839111,3.98248314857483,48477.0,4.0,4.1,12510809.0,0.3333333333333333
2006,Tennessee,0.0,0.0,5.15,6.61,5.15,6.61,201.6,...,0.0,0.0,0.0,0.0,,43,0.296203374862671,0.642082691192627,0.857451498508453,0.881348013877869,43,47.2043800354004,35.8293037414551,20.7573776245117,16.7654361724854,10.2022743225098,4.65339374542236,40693.0,5.0,5.3,6088766.0,0.09090909090909091
2006,Texas,5.15,6.61,5.15,6.61,5.15,6.61,201.6,5.15,5.15,6.61,5.15,6.61,,44,0.33343580365181,0.644621193408966,0.906120181083679,1.07156872749329,44,48.9482460021973,37.9447364807129,23.1800575256348,19.0842418670654,12.1414566040039,5.90167665481567,43307.0,4.0,9.9,23359580.0,0.3333333333333333
2006,Utah,5.15,6.61,5.15,6.61,5.15,6.61,201.6,5.15,5.15,6.61,5.15,6.61,,45,0.298781037330627,0.590624451637268,0.831007838249207,0.892545342445374,45,44.3275566101074,33.2992668151855,19.6534881591797,15.9124755859375,9.73803043365479,4.47765874862671,54628.0,3.0,12.4,2525507.0,0.16666666666666666
2006,Vermont,7.25,9.3,5.15,6.61,7.25,9.3,201.6,7.25,7.25,9.3,7.25,9.3,,46,0.280864536762238,0.602937340736389,0.830707848072052,0.780792772769928,46,45.031005859375,32.9855346679688,18.2966804504395,14.4301204681396,8.30868530273438,3.50139117240906,51981.0,3.0,3.4,622892.0,0.0
2006,Virginia,5.15,6.61,5.15,6.61,5.15,6.61,201.6,5.15[c],5.15,6.61,5.15,6.61,[c],47,0.31188690662384,0.563046157360077,0.846356391906738,0.916250109672546,47,42.7842636108398,33.1241264343262,17.6323413848877,13.6802701950073,7.58300447463989,3.02636241912842,57119.0,3.0,5.0,7673725.0,0.25
2006,Washington,7.63,9.79,5.15,6.61,7.63,9.79,201.6,7.63,7.63,9.79,7.63,9.79,,48,0.316247135400772,0.568340241909027,0.840727865695953,0.968057036399841,48,46.2643203735352,35.818904876709,20.8427066802979,16.7654132843018,10.1055059432983,4.54684686660767,54723.0,5.0,7.3,6370753.0,0.2
2006,Wisconsin,5.7,7.31,5.15,6.61,5.7,7.31,201.6,5.7,5.7,7.31,5.7,7.31,,50,0.27694445848465,0.575414657592773,0.810846269130707,0.765857934951782,50,42.573486328125,30.9582347869873,17.685827255249,14.154070854187,8.43154716491699,3.73024678230286,51692.0,4.0,4.5,5577655.0,0.2
2006,Wyoming,5.15,6.61,5.15,6.61,5.15,6.61,201.6,5.15,5.15,6.61,5.15,6.61,,51,0.376449465751648,0.630312860012054,0.916060447692871,1.35738158226013,51,53.5917892456055,45.3831596374512,32.9640045166016,29.3741588592529,22.4571514129639,14.1976909637451,47041.0,3.0,19.2,522667.0,0.2
2008,Alabama,0.0,0.0,5.85,7.03,5.85,7.03,215.303,...,0.0,0.0,0.0,0.0,,1,0.27180403470993,0.644988179206848,0.854192614555359,0.73438161611557,1,46.5488052368164,33.0227890014648,17.8573989868164,14.1023797988892,8.31071853637695,3.77056646347046,44476.0,5.0,1.4,4718206.0,0.3333333333333333
2008,Alaska,7.15,8.59,5.85,7.03,7.15,8.59,215.303,7.15,7.15,8.59,7.15,8.59,,2,0.267613679170609,0.562505125999451,0.819743394851685,0.67871081829071,2,37.4881629943848,27.4415969848633,13.8828182220459,10.5433139801025,5.6742582321167,2.26093602180481,63989.0,6.0,11.7,687455.0,0.16666666666666666
2008,Arkansas,6.25,7.51,5.85,7.03,6.25,7.51,215.303,6.25[c],6.25,7.51,6.25,7.51,[c],4,0.263969928026199,0.667410552501678,0.845302999019623,0.707141995429993,4,44.3372116088867,31.9621562957764,16.9925422668457,13.4324655532837,7.93385934829712,3.61125659942627,39586.0,5.0,2.1,2874554.0,0.5
2008,Colorado,7.02,8.43,5.85,7.03,7.02,8.43,215.303,7.02,7.02,8.43,7.02,8.43,,6,0.305399894714355,0.583579838275909,0.857910811901093,0.899224162101746,6,43.5520439147949,33.1266021728516,18.0659809112549,14.2347164154053,8.344557762146,3.75744605064392,60943.0,4.0,3.9,4889730.0,0.14285714285714285
2008,Delaware,7.15,8.59,5.85,7.03,7.15,8.59,215.303,7.15,7.15,8.59,7.15,8.59,,8,0.28028404712677,0.558923542499542,0.812574207782745,0.759807646274567,8,42.2735252380371,30.5341606140137,16.3303050994873,12.7129125595093,7.24670743942261,3.13498044013977,50702.0,4.0,-2.7,883874.0,0.5
2008,Georgia,5.15,6.19,5.85,7.03,5.85,7.03,215.303,5.15(d),5.15,6.19,5.15,6.19,(d),11,0.290247231721878,0.648755252361298,0.886069715023041,0.820109128952026,11,46.1805648803711,32.8011817932129,17.4013652801514,13.5147886276245,7.66170406341553,3.28863072395325,46227.0,6.0,-0.7,9504843.0,0.2857142857142857
2008,Idaho,5.85,7.03,5.85,7.03,5.85,7.03,215.303,5.85,5.85,7.03,5.85,7.03,,13,0.26649934053421,0.634160935878754,0.843085467815399,0.718847155570984,13,41.4102478027344,29.7466297149658,16.4165019989014,13.0829963684082,7.87463521957397,3.68237471580505,47420.0,5.0,3.2,1534320.0,0.16666666666666666
2008,Illinois,7.75,9.31,5.85,7.03,7.75,9.31,215.303,7.75[c],7.75,9.31,7.75,9.31,[c],14,0.321329057216644,0.612948775291443,0.889155864715576,0.998893082141876,14,48.678596496582,37.7699203491211,22.0028038024902,17.8619270324707,11.2223033905029,5.57999324798584,53254.0,6.0,0.1,12747038.0,0.16666666666666666
2008,Iowa,7.25,8.71,5.85,7.03,7.25,8.71,215.303,7.25,7.25,8.71,7.25,8.71,,16,0.251232147216797,0.56624311208725,0.78974461555481,0.619414150714874,16,37.2879371643066,25.4754543304443,13.1146354675293,10.0508670806885,5.52461528778076,2.26879668235779,50142.0,4.0,0.0,3016734.0,0.3333333333333333
2008,Kansas,2.65,3.18,5.85,7.03,5.85,7.03,215.303,2.65,2.65,3.18,2.65,3.18,,17,0.281004786491394,0.596371948719025,0.839114606380463,0.778371870517731,17,40.5683784484863,29.4842357635498,16.2610511779785,12.8440866470337,7.57244253158569,3.43772459030151,47877.0,4.0,4.5,2808076.0,0.25
2008,Kentucky,5.85,7.03,5.85,7.03,5.85,7.03,215.303,5.85,5.85,7.03,5.85,7.03,,18,0.252839416265488,0.630896151065826,0.825508832931519,0.633292138576508,18,43.7541770935059,30.6560096740723,15.6769704818726,12.1080856323242,6.77625465393066,2.85538673400879,41148.0,6.0,2.4,4289878.0,0.5
2008,Louisiana,0.0,0.0,5.85,7.03,5.85,7.03,215.303,...,0.0,0.0,0.0,0.0,,19,0.291538327932358,0.659363031387329,0.884813249111176,0.84535950422287,19,51.1519966125488,38.7772903442383,23.6724758148193,19.6391716003418,12.9768943786621,6.93498516082764,39563.0,4.0,4.2,4435586.0,0.2
2008,Maine,7.0,8.41,5.85,7.03,7.0,8.41,215.303,7,7.0,8.41,7.0,8.41,,20,0.247725710272789,0.600413858890533,0.801560401916504,0.6024129986763,20,40.99853515625,28.2866497039795,14.0721960067749,10.6928939819336,5.76196002960205,2.29999208450317,47228.0,5.0,1.7,1330509.0,0.3333333333333333
2008,Massachusetts,8.0,9.61,5.85,7.03,8.0,9.61,215.303,8,8.0,9.61,8.0,9.61,,22,0.341667801141739,0.593943357467651,0.897517383098602,1.09806859493256,22,48.9268264770508,39.3633193969727,21.8247737884521,17.4829807281494,10.649712562561,5.06609964370728,60320.0,5.0,2.1,6468967.0,0.2
2008,Michigan,7.15,8.59,5.85,7.03,7.15,8.59,215.303,7.15(e),7.15,8.59,7.15,8.59,(e),23,0.264002472162247,0.612598836421967,0.846204936504364,0.676718950271606,23,46.1770858764648,31.6977519989014,16.458080291748,12.6798324584961,7.05541086196899,2.94858145713806,49788.0,8.0,-4.4,9946889.0,0.16666666666666666
2008,Minnesota,5.25,6.31,5.85,7.03,5.85,7.03,215.303,5.25-6.15(g),5.25,6.31,6.15,7.39,(g),24,0.288997203111649,0.57133960723877,0.830763399600983,0.816913783550262,24,43.1624717712402,32.2693977355957,17.6692562103271,13.9118280410767,8.14127826690674,3.65691232681274,54925.0,5.0,2.1,5247018.0,0.125
2008,Mississippi,0.0,0.0,5.85,7.03,5.85,7.03,215.303,...,0.0,0.0,0.0,0.0,,25,0.249376684427261,0.696294188499451,0.836976885795593,0.624274551868439,25,44.1305465698242,31.488733291626,16.3244190216064,12.8215017318726,7.46061944961548,3.32398962974548,36446.0,6.0,6.3,2947806.0,0.25
2008,Montana,4.0,4.81,5.85,7.03,5.85,7.03,215.303,4.00-6.25(g),4.0,4.81,6.25,7.51,(g),27,0.264705538749695,0.656008422374725,0.854934871196747,0.709148108959198,27,43.3456497192383,31.0038452148438,16.4162406921387,12.8067255020142,7.33592987060547,3.19583439826965,42900.0,5.0,2.0,976415.0,0.5
2008,Nebraska,5.85,7.03,5.85,7.03,5.85,7.03,215.303,5.85[c],5.85,7.03,5.85,7.03,[c],28,0.273487508296967,0.597208559513092,0.828382074832916,0.749708890914917,28,38.7432250976563,27.7346630096436,15.5633964538574,12.4199342727661,7.49909019470215,3.52257680892944,50728.0,3.0,2.8,1796378.0,0.25
2008,Oklahoma,2.0,2.4,5.85,7.03,5.85,7.03,215.303,2.00-5.85(g),2.0,2.4,5.85,7.03,(g),37,0.290985018014908,0.637275218963623,0.861671268939972,0.856652796268463,37,44.2393341064453,32.9304618835449,19.342945098877,15.7972555160522,10.0645093917847,5.10516977310181,46111.0,3.0,10.3,3668976.0,0.3333333333333333
2008,Oregon,7.95,9.55,5.85,7.03,7.95,9.55,215.303,7.95,7.95,9.55,7.95,9.55,,38,0.268300473690033,0.595493018627167,0.83013504743576,0.701310753822327,38,44.5078239440918,30.6252422332764,15.6049365997314,11.8933515548706,6.45384359359741,2.60209155082703,51727.0,6.0,2.2,3768748.0,0.25
2008,Tennessee,0.0,0.0,5.85,7.03,5.85,7.03,215.303,...,0.0,0.0,0.0,0.0,,43,0.279869914054871,0.646907985210419,0.857997715473175,0.786819756031036,43,45.5791969299316,32.9218063354492,17.8450489044189,14.0676097869873,8.25609493255615,3.72373914718628,39702.0,6.0,3.0,6247411.0,0.125
2008,Texas,5.85,7.03,5.85,7.03,5.85,7.03,215.303,5.85,5.85,7.03,5.85,7.03,,44,0.325772970914841,0.640521347522736,0.906728088855743,1.02686727046967,44,50.7921257019043,39.8194541931152,24.102689743042,19.9180736541748,13.0422658920288,6.87999677658081,46490.0,4.0,4.9,24309039.0,0.3333333333333333
2008,Virginia,5.85,7.03,5.85,7.03,5.85,7.03,215.303,5.85[c],5.85,7.03,5.85,7.03,[c],47,0.297821879386902,0.565270900726318,0.84787118434906,0.835200786590576,47,41.496395111084,31.5390491485596,15.5243825912476,11.7593173980713,6.29051733016968,2.48488354682922,61985.0,3.0,1.9,7833496.0,0.2
2008,Wyoming,5.15,6.19,5.85,7.03,5.85,7.03,215.303,5.15,5.15,6.19,5.15,6.19,,51,0.348752707242966,0.62133127450943,0.900798082351685,1.19643473625183,51,48.3654861450195,40.2277603149414,28.1657810211182,24.8606071472168,18.9689559936523,12.4541101455688,53337.0,3.0,16.2,546043.0,0.25
2010,Alabama,0.0,0.0,7.25,8.6,7.25,8.6,218.056,...,0.0,0.0,0.0,0.0,,1,0.26235169172287,0.591360449790955,0.845020771026611,0.767802476882935,1,46.2383613586426,32.4332427978516,16.7465858459473,12.4302158355713,7.68710517883301,3.94568085670471,40933.0,10.0,3.7,4785437.0,0.3333333333333333
2010,Alaska,7.75,9.19,7.25,8.6,7.75,9.19,218.056,7.75,7.75,9.19,7.75,9.19,,2,0.257176220417023,0.564221501350403,0.807637691497803,0.665889501571655,2,35.263011932373,25.5631771087646,12.306077003479,9.47418117523193,4.80596017837524,1.8014657497406,57848.0,7.0,6.6,713910.0,0.1111111111111111
2010,Arizona,7.25,8.6,7.25,8.6,7.25,8.6,218.056,7.25,7.25,8.6,7.25,8.6,,3,0.255383551120758,0.61789482831955,0.862171530723572,0.730413138866425,3,48.6507415771484,33.923168182373,16.8622055053711,12.5203113555908,7.41019821166992,3.33998823165894,46896.0,10.0,1.8,6407172.0,0.1111111111111111
2010,Arkansas,6.25,7.41,7.25,8.6,7.25,8.6,218.056,6.25[c],6.25,7.41,6.25,7.41,[c],4,0.260857224464417,0.588738322257996,0.831820726394653,0.781035423278809,4,46.7358741760254,33.5370292663574,17.4377021789551,12.8346633911133,8.11616897583008,4.60432434082031,38587.0,8.0,4.1,2921964.0,0.16666666666666666
2010,California,8.0,9.49,7.25,8.6,8.0,9.49,218.056,8,8.0,9.49,8.0,9.49,,5,0.314834862947464,0.66691654920578,0.939717292785645,1.01567804813385,5,50.282470703125,38.8943901062012,22.031795501709,17.3802738189697,11.0369968414307,5.64782953262329,54283.0,12.0,2.8,37319502.0,0.1
2010,Colorado,7.24,8.59,7.25,8.6,7.25,8.6,218.056,7.24,7.24,8.59,7.24,8.59,,6,0.277701169252396,0.609598219394684,0.858340978622437,0.835953235626221,6,44.1651916503906,33.0704307556152,17.6390228271484,14.023380279541,8.55646133422852,4.26206159591675,60233.0,8.0,2.8,5047349.0,0.1
2010,Connecticut,8.25,9.79,7.25,8.6,8.25,9.79,218.056,8.25,8.25,9.79,8.25,9.79,,7,0.37988469004631,0.67497718334198,0.964531421661377,1.37323415279388,7,58.4800605773926,50.1831741333008,32.7052116394043,26.4362564086914,17.4526996612549,9.67106151580811,65998.0,9.0,0.5,3579114.0,0.07692307692307693
2010,Delaware,7.25,8.6,7.25,8.6,7.25,8.6,218.056,7.25,7.25,8.6,7.25,8.6,,8,0.242526233196259,0.555320203304291,0.790319383144379,0.63997083902359,8,40.2519836425781,28.1618728637695,13.3382186889648,9.97941303253174,5.19273853302002,1.91170024871826,55214.0,8.0,1.3,899593.0,0.16666666666666666
2010,Florida,7.25,8.6,7.25,8.6,7.25,8.6,218.056,7.25,7.25,8.6,7.25,8.6,,10,0.312428951263428,0.681595385074615,0.951075375080109,1.04272830486298,10,52.6643371582031,39.9348945617676,23.6354713439941,18.997241973877,11.8483648300171,5.99782848358154,44066.0,11.0,1.7,18845537.0,0.058823529411764705
2010,Georgia,5.15,6.11,7.25,8.6,7.25,8.6,218.056,5.15(d),5.15,6.11,5.15,6.11,(d),11,0.281724125146866,0.632009983062744,0.899245738983154,0.796185851097107,11,47.1833038330078,33.0415420532227,16.4173698425293,12.4261274337769,6.92257928848267,2.94905233383179,44117.0,10.0,2.1,9711881.0,0.16666666666666666
2010,Hawaii,7.25,8.6,7.25,8.6,7.25,8.6,218.056,7.25,7.25,8.6,7.25,8.6,,12,0.235889583826065,0.564963936805725,0.798269510269165,0.627038240432739,12,34.9613761901855,23.7705516815186,11.2879686355591,8.22135448455811,4.76343011856079,2.12290716171265,59539.0,6.0,3.9,1363963.0,0.2
2010,Idaho,7.25,8.6,7.25,8.6,7.25,8.6,218.056,7.25,7.25,8.6,7.25,8.6,,13,0.239210277795792,0.629141211509705,0.855577945709229,0.657346665859222,13,40.2266540527344,28.0134563446045,13.9256706237793,10.0295257568359,5.73903036117554,2.47062683105469,47050.0,9.0,2.7,1570746.0,0.25
2010,Illinois,8.25,9.79,7.25,8.6,8.25,9.79,218.056,8.25[c],8.25,9.79,8.25,9.79,[c],14,0.300062566995621,0.62045830488205,0.880238652229309,0.924620807170868,14,48.2855072021484,36.6182670593262,20.4423599243164,15.8988838195801,9.52150440216064,4.47676515579224,50728.0,10.0,2.6,12840503.0,0.07692307692307693
2010,Indiana,7.25,8.6,7.25,8.6,7.25,8.6,218.056,7.25(e),7.25,8.6,7.25,8.6,(e),15,0.247115299105644,0.567936897277832,0.808747947216034,0.654486477375031,15,42.5286026000977,28.9434700012207,14.1028423309326,10.1453561782837,5.57061767578125,2.24638748168945,46139.0,10.0,7.3,6490432.0,0.2
2010,Iowa,7.25,8.6,7.25,8.6,7.25,8.6,218.056,7.25,7.25,8.6,7.25,8.6,,16,0.229310020804405,0.549246907234192,0.775160074234009,0.601034581661224,16,37.4668083190918,25.3031253814697,12.0999956130981,8.70333576202393,4.70438480377197,1.9647821187973,49016.0,6.0,3.8,3050745.0,0.25
2010,Kansas,7.25,8.6,7.25,8.6,7.25,8.6,218.056,7.25,7.25,8.6,7.25,8.6,,17,0.271935105323792,0.591386079788208,0.834924757480621,0.801240503787994,17,42.7295837402344,30.7581348419189,16.4023704528809,12.8321914672852,7.78853464126587,3.8660101890564,46054.0,7.0,2.6,2858190.0,0.25
2010,Kentucky,7.25,8.6,7.25,8.6,7.25,8.6,218.056,7.25,7.25,8.6,7.25,8.6,,18,0.24688720703125,0.572081685066223,0.811355113983154,0.677605271339417,18,44.7009811401367,31.0878467559814,15.2598705291748,10.8254356384277,6.22608232498169,2.93152952194214,41104.0,10.0,5.6,4348181.0,0.3333333333333333
2010,Louisiana,0.0,0.0,7.25,8.6,7.25,8.6,218.056,...,0.0,0.0,0.0,0.0,,19,0.277684241533279,0.620918810367584,0.879475891590118,0.814926564693451,19,43.6203460693359,30.9709014892578,16.2714061737061,12.5009346008301,7.16238784790039,3.15136337280273,39300.0,8.0,9.2,4544532.0,0.08333333333333333
2010,Maryland,7.25,8.6,7.25,8.6,7.25,8.6,218.056,7.25,7.25,8.6,7.25,8.6,,21,0.264511317014694,0.574038565158844,0.818650722503662,0.732919216156006,21,39.0715141296387,29.5899124145508,14.3652696609497,10.9189405441284,6.11171770095825,2.59637546539307,64201.0,7.0,4.6,5788645.0,0.16666666666666666
2010,Missouri,7.25,8.6,7.25,8.6,7.25,8.6,218.056,7.25,7.25,8.6,7.25,8.6,,26,0.265668034553528,0.589468836784363,0.834841191768646,0.775297164916992,26,44.476448059082,31.3906059265137,16.4910850524902,12.5355606079102,7.59537363052368,3.63490796089172,45817.0,9.0,2.6,5995974.0,0.1
2010,Nevada,6.55,7.77,7.25,8.6,7.25,8.6,218.056,6.55-7.55,6.55,7.77,7.55,8.96,,29,0.301136493682861,0.681822836399078,0.925096452236176,1.08108460903168,29,52.2581100463867,39.7011222839355,25.1606578826904,20.9120464324951,14.744927406311,8.91287040710449,51200.0,13.0,2.2,2702405.0,0.1111111111111111
2010,Ohio,7.3,8.66,7.25,8.6,7.3,8.66,218.056,7.3,7.3,8.66,7.3,8.66,,36,0.24674180150032,0.55985152721405,0.794233024120331,0.675730168819427,36,43.3987121582031,30.0928974151611,14.8813667297363,10.8977403640747,6.15755939483643,2.65349411964417,45886.0,10.0,3.9,11539336.0,0.16666666666666666
2010,Oklahoma,2.0,2.37,7.25,8.6,7.25,8.6,218.056,2.00-7.25(g),2.0,2.37,7.25,8.6,(g),37,0.266428828239441,0.592691957950592,0.83795028924942,0.787470638751984,37,42.5231018066406,30.5374565124512,16.2104988098145,12.4315757751465,7.18670511245728,3.19157862663269,43103.0,6.0,5.0,3759944.0,0.25
2010,Oregon,8.4,9.96,7.25,8.6,8.4,9.96,218.056,8.4,8.4,9.96,8.4,9.96,,38,0.245251327753067,0.582882046699524,0.823074758052826,0.658251881599426,38,46.0812339782715,31.3375720977783,14.7378015518188,10.6252574920654,5.94035911560059,2.59188342094421,50602.0,10.0,2.0,3837491.0,0.16666666666666666
2010,Pennsylvania,7.25,8.6,7.25,8.6,7.25,8.6,218.056,7.25,7.25,8.6,7.25,8.6,,39,0.278544038534164,0.591243803501129,0.837779641151428,0.810070514678955,39,45.3717041015625,32.9618263244629,17.1941661834717,13.4882020950317,7.92080163955688,3.76436638832092,48314.0,8.0,3.8,12711160.0,0.5
2010,Utah,7.25,8.6,7.25,8.6,7.25,8.6,218.056,7.25,7.25,8.6,7.25,8.6,,45,0.250404477119446,0.591796398162842,0.823046505451202,0.716329395771027,45,42.223030090332,29.5260162353516,15.3477087020874,11.6503200531006,6.89104127883911,3.11956381797791,56701.0,7.0,4.0,2775332.0,0.3333333333333333
2010,Vermont,8.06,9.56,7.25,8.6,8.06,9.56,218.056,8.06(e),8.06,9.56,8.06,9.56,(e),46,0.245223015546799,0.573493421077728,0.813354671001434,0.640629827976227,46,41.3889923095703,28.0120887756348,13.0560340881348,9.36967372894287,5.13516998291016,2.17067289352417,55928.0,6.0,4.8,625879.0,0.125
2010,Washington,8.55,10.14,7.25,8.6,8.55,10.14,218.056,8.55,8.55,10.14,8.55,10.14,,48,0.260812908411026,0.591880679130554,0.830705225467682,0.75581967830658,48,43.1813583374023,31.7743892669678,16.4305992126465,13.0382719039917,7.60383319854736,3.56586766242981,56163.0,10.0,3.4,6742830.0,0.5
2010,Wisconsin,7.25,8.6,7.25,8.6,7.25,8.6,218.056,7.25,7.25,8.6,7.25,8.6,,50,0.25474739074707,0.575420320034027,0.81191486120224,0.726999521255493,50,42.7070999145508,29.9240646362305,15.7676801681519,12.0173215866089,7.25568103790283,3.48280239105225,50351.0,8.0,3.7,5690475.0,0.16666666666666666
2012,Arizona,7.65,8.62,7.25,8.17,7.65,8.62,229.594,7.65,7.65,8.62,7.65,8.62,,3,0.279581606388092,0.622746825218201,0.874053299427032,0.839653372764587,3,49.6833877563477,35.1826820373535,18.4541072845459,15.0063924789429,8.6995964050293,3.90499210357666,47044.0,8.0,4.0,6554978.0,0.2
2012,California,8.0,9.01,7.25,8.17,8.0,9.01,229.594,8,8.0,9.01,8.0,9.01,,5,0.353807508945465,0.687004387378693,0.974201083183289,1.21844053268433,5,54.3642692565918,43.3364944458008,26.3809642791748,21.4594268798828,14.0697031021118,7.36577129364014,57020.0,10.0,4.6,37948800.0,0.5
2012,Connecticut,8.25,9.29,7.25,8.17,8.25,9.29,229.594,8.25,8.25,9.29,8.25,9.29,,7,0.406060397624969,0.695158839225769,0.998244285583496,1.49009704589844,7,61.9454345703125,51.9414672851563,34.4222602844238,28.986909866333,18.870231628418,10.0981950759888,64247.0,8.0,3.1,3594547.0,0.1
2012,Delaware,7.25,8.17,7.25,8.17,7.25,8.17,229.594,7.25,7.25,8.17,7.25,8.17,,8,0.265767395496368,0.580374181270599,0.826140582561493,0.737317025661469,8,42.6438217163086,30.3985042572021,15.1350908279419,12.2337121963501,6.42760467529297,2.488126039505,48972.0,7.0,1.7,915179.0,0.25
2012,Florida,7.67,8.64,7.25,8.17,7.67,8.64,229.594,7.67,7.67,8.64,7.67,8.64,,10,0.365210294723511,0.711425244808197,1.00114500522614,1.32727980613708,10,60.8563842773438,47.2642059326172,30.4512939453125,25.435676574707,16.705753326416,8.79977989196777,46071.0,8.0,3.0,19297822.0,0.1111111111111111
2012,Hawaii,7.25,8.17,7.25,8.17,7.25,8.17,229.594,7.25,7.25,8.17,7.25,8.17,,12,0.254712969064713,0.576210856437683,0.81092244386673,0.703625500202179,12,36.4430274963379,25.2903938293457,12.4597473144531,9.85095691680908,5.70544052124023,2.53411412239075,56263.0,6.0,4.3,1394804.0,0.25
2012,Indiana,7.25,8.17,7.25,8.17,7.25,8.17,229.594,7.25(e),7.25,8.17,7.25,8.17,(e),15,0.272670120000839,0.581794738769531,0.830359578132629,0.756600081920624,15,43.6956901550293,30.1251087188721,15.4066848754883,12.139009475708,6.64708375930786,2.68661689758301,46158.0,8.0,3.1,6537703.0,0.2
2012,Maine,7.5,8.45,7.25,8.17,7.5,8.45,229.594,7.5,7.5,8.45,7.5,8.45,,20,0.25356850028038,0.563631534576416,0.801316797733307,0.6857950091362,20,43.2488250732422,29.3043518066406,14.2723522186279,10.8881759643555,5.89880418777466,2.2830765247345,49158.0,7.0,1.9,1327729.0,0.14285714285714285
2012,Maryland,7.25,8.17,7.25,8.17,7.25,8.17,229.594,7.25,7.25,8.17,7.25,8.17,,21,0.287725329399109,0.594200730323792,0.848185181617737,0.828196942806244,21,40.4607925415039,31.0771541595459,15.877007484436,12.2687349319458,6.9983549118042,2.96650981903076,71836.0,7.0,2.1,5886992.0,0.1111111111111111
2012,Massachusetts,8.0,9.01,7.25,8.17,8.0,9.01,229.594,8,8.0,9.01,8.0,9.01,,22,0.354439705610275,0.647780358791351,0.928058624267578,1.18674349784851,22,53.6932678222656,43.6730613708496,26.4943542480469,21.1146564483643,13.3757810592651,6.70782613754272,63656.0,6.0,4.3,6663005.0,0.25
2012,Michigan,7.4,8.34,7.25,8.17,7.4,8.34,229.594,7.40(e),7.4,8.34,7.4,8.34,(e),23,0.304457932710648,0.618347644805908,0.880516588687897,0.913170576095581,23,50.6999893188477,36.3788146972656,19.8816261291504,16.4028301239014,9.92169952392578,4.81316471099854,50015.0,9.0,4.4,9897145.0,0.1
2012,Minnesota,5.25,5.91,7.25,8.17,7.25,8.17,229.594,5.25-6.15(g),5.25,5.91,6.15,6.93,(g),24,0.297364115715027,0.602443337440491,0.851478934288025,0.892287373542786,24,45.5177268981934,34.7788200378418,19.0627918243408,14.8523426055908,8.74246406555176,3.90143609046936,61795.0,5.0,3.8,5376643.0,0.16666666666666666
2012,Mississippi,0.0,0.0,7.25,8.17,7.25,8.17,229.594,...,0.0,0.0,0.0,0.0,,25,0.26081058382988,0.595451414585114,0.846987545490265,0.733931958675385,25,44.1451759338379,30.6081352233887,15.1647310256958,11.3373556137085,6.24406385421753,2.43818950653076,36641.0,9.0,3.3,2983816.0,0.25
2012,Missouri,7.25,8.17,7.25,8.17,7.25,8.17,229.594,7.25,7.25,8.17,7.25,8.17,,26,0.293155938386917,0.610019087791443,0.862343192100525,0.892350792884827,26,47.6833801269531,34.079044342041,18.7563285827637,15.4383039474487,9.0641393661499,4.20876359939575,49764.0,6.0,3.5,6024367.0,0.1111111111111111
2012,Montana,4.0,4.51,7.25,8.17,7.25,8.17,229.594,4.00-7.65(g),4.0,4.51,7.65,8.62,(g),27,0.291528612375259,0.630942225456238,0.883572459220886,0.883029282093048,27,47.9381561279297,34.209171295166,18.8259544372559,15.4380350112915,9.20140743255615,4.38551473617554,45088.0,6.0,3.5,1003783.0,0.3333333333333333
2012,Nebraska,7.25,8.17,7.25,8.17,7.25,8.17,229.594,7.25[c],7.25,8.17,7.25,8.17,[c],28,0.293682783842087,0.602011024951935,0.849969983100891,0.911656737327576,28,41.5502052307129,30.9661655426025,17.5163421630859,14.2360763549805,8.60526371002197,4.07161140441895,52196.0,4.0,2.7,1853303.0,0.5
2012,Nevada,7.25,8.17,7.25,8.17,7.25,8.17,229.594,7.25-8.25,7.25,8.17,8.25,9.29,,29,0.34043088555336,0.703876554965973,0.962504982948303,1.29397571086884,29,59.6326065063477,46.0597877502441,30.8304271697998,27.0220355987549,19.027006149292,11.2739315032959,47333.0,11.0,0.9,2743996.0,0.25
2012,Ohio,7.7,8.67,7.25,8.17,7.7,8.67,229.594,7.7,7.7,8.67,7.7,8.67,,36,0.274872422218323,0.578184366226196,0.820124626159668,0.794310092926025,36,45.8921279907227,32.2978935241699,16.9635238647461,13.6703796386719,7.48147487640381,3.11076092720032,44375.0,7.0,3.3,11548923.0,0.3333333333333333
2012,Pennsylvania,7.25,8.17,7.25,8.17,7.25,8.17,229.594,7.25,7.25,8.17,7.25,8.17,,39,0.306807219982147,0.608945786952972,0.867103934288025,0.929680585861206,39,47.6971969604492,35.3796501159668,19.393590927124,15.6987400054932,9.3666296005249,4.36259078979492,51904.0,7.0,3.6,12767118.0,0.3333333333333333
2012,Tennessee,0.0,0.0,7.25,8.17,7.25,8.17,229.594,...,0.0,0.0,0.0,0.0,,43,0.296990036964417,0.611896634101868,0.871875703334808,0.923735558986664,43,47.730770111084,34.4690246582031,18.9187545776367,15.5179386138916,9.12096118927002,4.20196485519409,42995.0,7.0,6.0,6453898.0,0.05263157894736842
2012,Texas,7.25,8.17,7.25,8.17,7.25,8.17,229.594,7.25,7.25,8.17,7.25,8.17,,44,0.346722006797791,0.653454482555389,0.939416646957397,1.19084978103638,44,51.5945892333984,40.5602874755859,24.9093647003174,20.1985626220703,12.9157934188843,6.51419639587402,51926.0,6.0,6.0,26084481.0,0.25
2012,Utah,7.25,8.17,7.25,8.17,7.25,8.17,229.594,7.25,7.25,8.17,7.25,8.17,,45,0.290336519479752,0.615289866924286,0.855548977851868,0.913502335548401,45,44.6621780395508,33.2015609741211,19.1981201171875,15.8481092453003,9.6912202835083,4.66418075561523,58341.0,5.0,3.3,2853375.0,0.16666666666666666
2012,Vermont,8.46,9.53,7.25,8.17,8.46,9.53,229.594,8.46(e),8.46,9.53,8.46,9.53,(e),46,0.272092789411545,0.589390993118286,0.833498775959015,0.757352709770203,46,42.3780097961426,29.6959342956543,14.9270296096802,11.890438079834,6.63045024871826,2.79526829719543,55582.0,5.0,2.7,626090.0,0.0
2012,Virginia,7.25,8.17,7.25,8.17,7.25,8.17,229.594,7.25[c],7.25,8.17,7.25,8.17,[c],47,0.294074207544327,0.60649973154068,0.865557909011841,0.861647665500641,47,43.3472442626953,33.2893409729004,16.9817771911621,13.3757629394531,7.92153072357178,3.57967042922974,64632.0,6.0,2.8,8185080.0,0.3333333333333333
2012,Washington,9.04,10.18,7.25,8.17,9.04,10.18,229.594,9.04,9.04,10.18,9.04,10.18,,48,0.30035012960434,0.619126439094543,0.86781245470047,0.956078946590424,48,48.3983917236328,37.2084846496582,21.1160831451416,17.2370128631592,10.959888458252,5.54466104507446,62187.0,8.0,5.5,6897058.0,0.5
2012,Wisconsin,7.25,8.17,7.25,8.17,7.25,8.17,229.594,7.25,7.25,8.17,7.25,8.17,,50,0.283199101686478,0.590064823627472,0.830897390842438,0.848672389984131,50,44.337516784668,32.0723342895508,17.8277111053467,14.7344379425049,8.56515693664551,3.90594220161438,53079.0,7.0,3.9,5719960.0,0.14285714285714285
2012,Wyoming,5.15,5.8,7.25,8.17,7.25,8.17,229.594,5.15,5.15,5.8,5.15,5.8,,51,0.349892467260361,0.651373684406281,0.910756587982178,1.29013967514038,51,48.5423889160156,39.3150329589844,27.1410140991211,23.08420753479,16.1583156585693,9.37898921966553,57512.0,5.0,-2.5,576305.0,0.16666666666666666
2014,Alabama,0.0,0.0,7.25,7.92,7.25,7.92,236.736,...,0.0,0.0,0.0,0.0,,1,0.262089043855667,0.581462681293488,0.835604906082153,0.716171860694885,1,45.8013114929199,30.6902523040771,14.8268117904663,11.5200386047363,6.07602834701538,2.35962557792664,42278.0,6.0,1.5,4841799.0,0.0
2014,Alaska,7.75,8.47,7.25,7.92,7.75,8.47,236.736,7.75,7.75,8.47,7.75,8.47,,2,0.258371293544769,0.559733688831329,0.800248444080353,0.654136657714844,2,32.9015464782715,24.1189479827881,10.9143466949463,8.20963001251221,4.10147762298584,1.46747660636902,67629.0,6.0,-1.5,736283.0,0.2
2014,Arkansas,6.25,6.83,7.25,7.92,7.25,7.92,236.736,6.25[c],6.25,6.83,6.25,6.83,[c],4,0.290214329957962,0.605893313884735,0.86133736371994,0.917182445526123,4,48.3253059387207,33.9026947021484,18.4676303863525,15.0788917541504,9.90079116821289,5.60305833816528,44922.0,6.0,3.0,2967392.0,0.2
2014,Colorado,8.0,8.74,7.25,7.92,8.0,8.74,236.736,8,8.0,8.74,8.0,8.74,,6,0.296589612960815,0.619547188282013,0.875878810882568,0.890725195407867,6,44.7599792480469,34.4146461486816,18.3540859222412,14.134617805481,8.23749351501465,3.67254185676575,60940.0,5.0,6.0,5350101.0,0.125
2014,Delaware,7.75,8.47,7.25,7.92,7.75,8.47,236.736,7.75,7.75,8.47,7.75,8.47,,8,0.26050141453743,0.572887718677521,0.820358276367188,0.693162083625793,8,42.5848197937012,30.0889549255371,14.1831178665161,11.2142086029053,5.66437959671021,2.1061909198761,57522.0,5.0,10.7,932487.0,0.3333333333333333
2014,Georgia,5.15,5.63,7.25,7.92,7.25,7.92,236.736,5.15(d),5.15,5.63,5.15,5.63,(d),11,0.302222281694412,0.630083799362183,0.90235698223114,0.901608943939209,11,49.7756423950195,35.8819274902344,18.6636238098145,14.9802532196045,8.43862247467041,3.7042088508606,49555.0,7.0,5.6,10067278.0,0.16666666666666666
2014,Hawaii,7.25,7.92,7.25,7.92,7.25,7.92,236.736,7.25,7.25,7.92,7.25,7.92,,12,0.24737349152565,0.569245457649231,0.804744184017181,0.654552340507507,12,36.7681999206543,25.2085361480713,11.6802139282227,9.18331146240234,5.04160308837891,2.11511993408203,71223.0,4.0,2.7,1414538.0,0.2
2014,Idaho,7.25,7.92,7.25,7.92,7.25,7.92,236.736,7.25,7.25,7.92,7.25,7.92,,13,0.261470109224319,0.613560140132904,0.852636337280273,0.732745826244354,13,41.4744491577148,28.6673202514648,14.4692335128784,11.5973596572876,6.30506134033203,2.67170858383179,53438.0,4.0,4.3,1631112.0,0.5
2014,Illinois,8.25,9.01,7.25,7.92,8.25,9.01,236.736,8.25[c],8.25,9.01,8.25,9.01,[c],14,0.322169005870819,0.632036507129669,0.899799287319183,1.00778841972351,14,49.2999038696289,37.963264465332,21.4520683288574,16.8485221862793,10.2245082855225,4.85584592819214,54916.0,7.0,4.3,12884493.0,0.16666666666666666
2014,Iowa,7.25,7.92,7.25,7.92,7.25,7.92,236.736,7.25,7.25,7.92,7.25,7.92,,16,0.246310904622078,0.558424174785614,0.789291262626648,0.654394567012787,16,38.6026649475098,26.7197647094727,12.7962713241577,10.1558284759521,5.21249008178711,2.03106284141541,57810.0,4.0,6.5,3109350.0,0.14285714285714285
2014,Kansas,7.25,7.92,7.25,7.92,7.25,7.92,236.736,7.25,7.25,7.92,7.25,7.92,,17,0.29377543926239,0.603263914585114,0.855898261070251,0.885346174240112,17,41.2153625488281,30.4986152648926,16.6055450439453,13.3778696060181,8.0568151473999,3.87117600440979,53444.0,4.0,4.1,2900475.0,0.0
2014,Kentucky,7.25,7.92,7.25,7.92,7.25,7.92,236.736,7.25,7.25,7.92,7.25,7.92,,18,0.262401849031448,0.579314649105072,0.826119780540466,0.721851825714111,18,47.4905052185059,31.6954345703125,15.4734058380127,11.8366746902466,6.66113424301147,2.96943950653076,42786.0,6.0,2.2,4414349.0,0.14285714285714285
2014,Louisiana,0.0,0.0,7.25,7.92,7.25,7.92,236.736,...,0.0,0.0,0.0,0.0,,19,0.29620623588562,0.624263525009155,0.88961660861969,0.897596776485443,19,46.8225479125977,33.2681922912598,17.7441787719727,14.6513414382935,8.3945369720459,3.85395812988281,42406.0,6.0,3.9,4644013.0,0.5
2014,Maine,7.5,8.19,7.25,7.92,7.5,8.19,236.736,7.5,7.5,8.19,7.5,8.19,,20,0.2459976375103,0.559432089328766,0.79651403427124,0.625361621379852,20,43.6950988769531,28.8994293212891,12.9612827301025,9.69494152069092,4.83329582214355,1.67924690246582,51710.0,5.0,4.0,1330513.0,0.25
2014,Massachusetts,8.0,8.74,7.25,7.92,8.0,8.74,236.736,8,8.0,8.74,8.0,8.74,,22,0.355352491140366,0.648118853569031,0.931975543498993,1.17852795124054,22,54.5844306945801,42.6476783752441,25.9489326477051,21.0249252319336,13.2114782333374,6.71516084671021,63151.0,5.0,3.8,6762596.0,0.2
2014,Michigan,8.15,8.9,7.25,7.92,8.15,8.9,236.736,8.15(e),8.15,8.9,8.15,8.9,(e),23,0.293816387653351,0.607345283031464,0.867502152919769,0.831813633441925,23,48.8273963928223,34.3393402099609,17.6168651580811,14.4180335998535,8.02553653717041,3.5386745929718,52005.0,7.0,3.4,9929848.0,0.14285714285714285
2014,Minnesota,6.5,7.1,7.25,7.92,7.25,7.92,236.736,6.50-8.00(g),6.5,7.1,8.0,8.74,(g),24,0.289665460586548,0.594987332820892,0.841042339801788,0.841894507408142,24,44.5924415588379,33.8368072509766,17.8211669921875,13.7214059829712,7.98187208175659,3.57114362716675,67244.0,4.0,4.5,5451079.0,0.2
2014,Mississippi,0.0,0.0,7.25,7.92,7.25,7.92,236.736,...,0.0,0.0,0.0,0.0,,25,0.252058953046799,0.584802210330963,0.836818039417267,0.675409436225891,25,45.5026168823242,30.3191013336182,14.1268882751465,10.3528261184692,5.39237642288208,2.05357909202576,35521.0,7.0,2.0,2990468.0,0.3333333333333333
2014,Montana,7.9,8.63,7.25,7.92,7.9,8.63,236.736,7.90(g),7.9,8.63,7.9,8.63,(g),27,0.278856784105301,0.612097024917603,0.860116839408875,0.799805462360382,27,45.0505409240723,31.9469356536865,16.5317287445068,13.5365524291992,7.53358173370361,3.34860825538635,51102.0,4.0,3.4,1021869.0,0.3333333333333333
2014,Nebraska,7.25,7.92,7.25,7.92,7.25,7.92,236.736,7.25[c],7.25,7.92,7.25,7.92,[c],28,0.281838238239288,0.591967284679413,0.836694061756134,0.85418301820755,28,38.756031036377,28.3703269958496,15.5434980392456,12.7771968841553,7.78598356246948,3.86963129043579,56870.0,3.0,4.6,1879321.0,0.2
2014,Oklahoma,2.0,2.19,7.25,7.92,7.25,7.92,236.736,2.00-7.25(g),2.0,2.19,7.25,7.92,(g),37,0.291654586791992,0.609414875507355,0.862803339958191,0.888597369194031,37,41.08154296875,29.7654323577881,16.2394580841064,13.1128635406494,7.52676200866699,3.3735191822052,47199.0,4.0,6.4,3878187.0,0.25
2014,Oregon,9.1,9.94,7.25,7.92,9.1,9.94,236.736,9.1,9.1,9.94,9.1,9.94,,38,0.267739415168762,0.59162712097168,0.839950799942017,0.736507475376129,38,46.3136711120605,32.7309150695801,15.7918729782104,12.6738958358765,6.69913339614868,2.75369906425476,58875.0,6.0,5.2,3963244.0,0.16666666666666666
2014,Tennessee,0.0,0.0,7.25,7.92,7.25,7.92,236.736,...,0.0,0.0,0.0,0.0,,43,0.293719828128815,0.608311414718628,0.865406930446625,0.897350072860718,43,48.0194511413574,34.0158500671387,18.2939014434814,15.1434412002563,8.80649852752686,4.17432975769043,43716.0,6.0,3.6,6541223.0,0.07692307692307693
2014,Texas,7.25,7.92,7.25,7.92,7.25,7.92,236.736,7.25,7.25,7.92,7.25,7.92,,44,0.338932186365128,0.650764346122742,0.932569265365601,1.12263107299805,44,49.7973556518555,38.7692985534668,22.9637088775635,18.2936038970947,11.3854475021362,5.61919546127319,53875.0,5.0,4.5,26964333.0,0.2
2014,Virginia,7.25,7.92,7.25,7.92,7.25,7.92,236.736,7.25[c],7.25,7.92,7.25,7.92,[c],47,0.286866933107376,0.596634387969971,0.856977641582489,0.808976054191589,47,43.5473480224609,32.6601181030273,15.8655643463135,12.3121814727783,7.01540422439575,3.05485105514526,66155.0,5.0,2.1,8310993.0,0.25
2014,Wyoming,5.15,5.63,7.25,7.92,7.25,7.92,236.736,5.15,5.15,5.63,5.15,5.63,,51,0.357734322547913,0.657783031463623,0.912533402442932,1.35163545608521,51,48.4116020202637,39.4086570739746,27.5293083190918,23.8804206848145,17.3726196289063,10.8867959976196,55690.0,4.0,1.3,582531.0,0.14285714285714285
2016,Alabama,0.0,0.0,7.25,7.81,7.25,7.81,240.007,...,0.0,0.0,0.0,0.0,,1,0.26912659406662,0.5865358710289,0.838975250720978,0.758050918579102,1,49.3850288391113,33.1498870849609,16.3925724029541,13.0209512710571,6.98699140548706,2.86683988571167,47221.0,5.0,2.1,4863525.0,0.3333333333333333
2016,Alaska,9.75,10.51,7.25,7.81,9.75,10.51,240.007,9.75,9.75,10.51,9.75,10.51,,2,0.255188375711441,0.562367737293243,0.800037741661072,0.640406847000122,2,33.0984916687012,23.7505931854248,10.5530481338501,8.04610824584961,3.80263566970825,1.2491409778595,75723.0,6.0,-1.9,741456.0,0.14285714285714285
2016,Arizona,8.05,8.68,7.25,7.81,8.05,8.68,240.007,8.05,8.05,8.68,8.05,8.68,,3,0.275591969490051,0.613255798816681,0.867386937141418,0.796157419681549,3,49.4420967102051,34.8899078369141,17.4350547790527,14.0860090255737,7.59913110733032,3.19024419784546,57100.0,5.0,4.8,6941072.0,0.09090909090909091
2016,Arkansas,8.0,8.62,7.25,7.81,8.0,8.62,240.007,8.00[c],8.0,8.62,8.0,8.62,[c],4,0.29843071103096,0.616810500621796,0.870877265930176,0.977965712547302,4,49.9224052429199,35.0017242431641,19.643045425415,16.4433479309082,10.9833536148071,6.46563100814819,45907.0,4.0,1.2,2989918.0,0.25
2016,California,10.0,10.78,7.25,7.81,10.0,10.78,240.007,10,10.0,10.78,10.0,10.78,,5,0.345088005065918,0.668458938598633,0.956491947174072,1.14565050601959,5,51.7985610961914,40.1350250244141,23.7330913543701,18.8061542510986,11.7835922241211,5.93783044815063,66637.0,5.0,4.4,39167117.0,1.0
2016,Colorado,8.31,8.96,7.25,7.81,8.31,8.96,240.007,8.31,8.31,8.96,8.31,8.96,,6,0.294715344905853,0.615009605884552,0.871835172176361,0.885311186313629,6,47.4783630371094,36.1831436157227,19.0094089508057,14.6817588806152,8.55141162872314,3.84358167648315,70566.0,3.0,3.1,5539215.0,0.14285714285714285
2016,Connecticut,9.6,10.35,7.25,7.81,9.6,10.35,240.007,9.6,9.6,10.35,9.6,10.35,,7,0.371479451656342,0.671153545379639,0.960999965667725,1.262366771698,7,53.5113296508789,41.549446105957,25.7073841094971,21.2736225128174,12.6140365600586,6.07261753082275,75923.0,5.0,1.7,3578141.0,0.14285714285714285
2016,Florida,8.05,8.68,7.25,7.81,8.05,8.68,240.007,8.05,8.05,8.68,8.05,8.68,,10,0.338056296110153,0.666654109954834,0.948985993862152,1.14769864082336,10,56.3575439453125,42.3121109008789,25.3165531158447,20.8333606719971,13.0429544448853,6.58355474472046,51176.0,4.0,4.9,20613477.0,0.08333333333333333
2016,Georgia,5.15,5.55,7.25,7.81,7.25,7.81,240.007,5.15(d),5.15,5.55,5.15,5.55,(d),11,0.297261536121368,0.620859622955322,0.892876267433167,0.864418864250183,11,48.551628112793,34.6745948791504,17.4359970092773,13.7923851013184,7.40775489807129,3.01363658905029,53527.0,5.0,5.0,10301890.0,0.25
2016,Hawaii,8.5,9.16,7.25,7.81,8.5,9.16,240.007,8.5,8.5,9.16,8.5,9.16,,12,0.251720130443573,0.57170033454895,0.808015882968903,0.681641161441803,12,37.7446937561035,26.2569999694824,12.4256210327148,10.0834589004517,5.46916151046753,2.37212061882019,72133.0,3.0,3.9,1427559.0,0.14285714285714285
2016,Idaho,7.25,7.81,7.25,7.81,7.25,7.81,240.007,7.25,7.25,7.81,7.25,7.81,,13,0.267691969871521,0.616805195808411,0.852546095848083,0.781920492649078,13,44.2125816345215,30.8983268737793,16.1684474945068,13.3604640960693,7.52236843109131,3.42860054969788,56564.0,3.0,4.5,1682380.0,0.3333333333333333
2016,Illinois,8.25,8.89,7.25,7.81,8.25,8.89,240.007,8.25[c],8.25,8.89,8.25,8.89,[c],14,0.315992742776871,0.625872611999512,0.892636239528656,0.974932968616486,14,48.5577621459961,37.198673248291,20.5856590270996,15.9899597167969,9.40999031066895,4.29297256469727,61386.0,5.0,1.1,12820527.0,0.1
2016,Indiana,7.25,7.81,7.25,7.81,7.25,7.81,240.007,7.25(e),7.25,7.81,7.25,7.81,(e),15,0.27170392870903,0.578224837779999,0.822449147701263,0.758575081825256,15,43.5034561157227,29.9828472137451,15.1769990921021,12.3367490768433,6.70031929016113,2.87210202217102,56094.0,4.0,2.3,6634304.0,0.25
2016,Iowa,7.25,7.81,7.25,7.81,7.25,7.81,240.007,7.25,7.25,7.81,7.25,7.81,,16,0.241347417235374,0.56095689535141,0.789931178092957,0.636078655719757,16,38.4135284423828,26.4821434020996,12.4724998474121,9.9863224029541,5.0037841796875,1.9321346282959,59094.0,3.0,0.3,3131371.0,0.16666666666666666
2016,Kansas,7.25,7.81,7.25,7.81,7.25,7.81,240.007,7.25,7.25,7.81,7.25,7.81,,17,0.279745250940323,0.604112207889557,0.852187395095825,0.801410794258118,17,41.5435638427734,29.9020614624023,15.3443374633789,12.1870775222778,6.79207420349121,2.95702171325684,56810.0,4.0,3.4,2910844.0,0.25
2016,Kentucky,7.25,7.81,7.25,7.81,7.25,7.81,240.007,7.25,7.25,7.81,7.25,7.81,,18,0.263394623994827,0.58107715845108,0.824241697788239,0.732647955417633,18,47.6677207946777,31.8155155181885,15.6178541183472,12.2740335464478,6.82805871963501,2.96918606758118,45369.0,5.0,1.6,4438182.0,0.25
2016,Louisiana,0.0,0.0,7.25,7.81,7.25,7.81,240.007,...,0.0,0.0,0.0,0.0,,19,0.284625113010406,0.627740621566772,0.889272630214691,0.818408489227295,19,48.1128005981445,33.1753158569336,16.7646331787109,13.5935039520264,7.076340675354,2.85781526565552,42196.0,6.0,-3.6,4678135.0,0.2916666666666667
2016,Maryland,8.75,9.43,7.25,7.81,8.75,9.43,240.007,8.75,8.75,9.43,8.75,9.43,,21,0.285786002874374,0.59119439125061,0.847027659416199,0.792906224727631,21,41.9748878479004,30.5982131958008,15.4306535720825,11.6267414093018,6.31913280487061,2.54681611061096,73760.0,4.0,4.5,6003323.0,0.1
2016,Missouri,7.65,8.24,7.25,7.81,7.65,8.24,240.007,7.65,7.65,8.24,7.65,8.24,,26,0.28653883934021,0.600393950939178,0.852840483188629,0.845238983631134,26,46.361213684082,32.8378601074219,17.3039970397949,14.2841377258301,8.1546516418457,3.74500179290771,55016.0,4.0,1.3,6087135.0,0.1
2016,Nevada,7.25,7.81,7.25,7.81,7.25,7.81,240.007,7.25-8.25,7.25,7.81,8.25,8.89,,29,0.338700026273727,0.682344675064087,0.94574236869812,1.25888395309448,29,57.4558639526367,44.0645713806152,28.8471508026123,25.0347938537598,17.4598979949951,10.4356393814087,55431.0,5.0,4.7,2917563.0,0.14285714285714285
2016,Ohio,7.25,7.81,7.25,7.81,7.25,7.81,240.007,7.25-8.10,7.25,7.81,8.1,8.73,,36,0.26509752869606,0.569770097732544,0.809092462062836,0.740876495838165,36,43.9407920837402,30.6566848754883,15.3213500976563,12.342812538147,6.44983625411987,2.59860110282898,53985.0,5.0,2.0,11634370.0,0.16666666666666666
2016,Oklahoma,2.0,2.16,7.25,7.81,7.25,7.81,240.007,2.00-7.25(g),2.0,2.16,7.25,7.81,(g),37,0.272727757692337,0.600523412227631,0.846623122692108,0.785988450050354,37,44.405445098877,30.5143356323242,15.4740295410156,12.5433320999146,6.86262607574463,2.97466397285461,50943.0,4.0,-3.4,3926331.0,0.2
2016,Oregon,9.75,10.51,7.25,7.81,9.75,10.51,240.007,9.75,9.75,10.51,9.75,10.51,,38,0.272444576025009,0.587912261486053,0.836769819259644,0.767995893955231,38,47.1883659362793,33.9410362243652,16.6262760162354,13.1442375183105,7.16942596435547,3.01901459693909,59135.0,4.0,5.9,4089976.0,0.14285714285714285
2016,Pennsylvania,7.25,7.81,7.25,7.81,7.25,7.81,240.007,7.25,7.25,7.81,7.25,7.81,,39,0.297309994697571,0.602820754051208,0.859051406383514,0.863057553768158,39,45.6166305541992,33.5163421630859,17.3488502502441,13.6651792526245,7.81964015960693,3.48368668556213,60979.0,5.0,2.1,12782275.0,0.3333333333333333
2016,Utah,7.25,7.81,7.25,7.81,7.25,7.81,240.007,7.25,7.25,7.81,7.25,7.81,,45,0.284485340118408,0.610271751880646,0.850312113761902,0.867878019809723,45,42.7230377197266,31.8173637390137,17.6135425567627,14.1780443191528,8.49582386016846,4.01766538619995,67481.0,3.0,5.7,3041868.0,0.25
2016,Vermont,9.6,10.35,7.25,7.81,9.6,10.35,240.007,9.60(e),9.6,10.35,9.6,10.35,(e),46,0.263309091329575,0.577794313430786,0.820157825946808,0.706167757511139,46,41.7455902099609,29.1871738433838,13.9340047836304,11.2521600723267,5.77613353729248,2.27103471755981,60837.0,3.0,2.5,623657.0,0.125
2016,Washington,9.47,10.21,7.25,7.81,9.47,10.21,240.007,9.47,9.47,10.21,9.47,10.21,,48,0.30344620347023,0.609310328960419,0.862934648990631,0.965636670589447,48,48.7917861938477,37.4832191467285,21.3336524963379,16.8945274353027,10.7475252151489,5.52445650100708,70310.0,5.0,4.6,7294771.0,0.5
2016,Wisconsin,7.25,7.81,7.25,7.81,7.25,7.81,240.007,7.25,7.25,7.81,7.25,7.81,,50,0.273986279964447,0.580279767513275,0.820717751979828,0.791757702827454,50,43.538444519043,31.2294540405273,16.5199546813965,13.387282371521,7.60530805587769,3.41836977005005,59817.0,4.0,2.3,5772628.0,0.2
2018,Arizona,10.5,10.82,7.25,7.47,10.5,10.82,251.107,10.5,10.5,10.82,10.5,10.82,,3,0.284974902868271,0.611855447292328,0.865207970142365,0.863476693630219,3,50.2744255065918,36.3938674926758,18.9673938751221,15.3968572616577,8.87560844421387,3.90100336074829,62283.0,4.0,6.2,7158024.0,0.25
2018,California,11.0,11.33,7.25,7.47,11.0,11.33,251.107,11,11.0,11.33,11.0,11.33,,5,0.352528512477875,0.667600631713867,0.960550606250763,1.18620634078979,5,53.081600189209,39.5177726745605,23.5449638366699,19.7548770904541,12.2470617294312,6.07701683044434,70489.0,4.0,5.1,39461588.0,1.0
2018,Connecticut,10.1,10.4,7.25,7.47,10.1,10.4,251.107,10.1,10.1,10.4,10.1,10.4,,7,0.377896577119827,0.672940731048584,0.968476951122284,1.31326246261597,7,55.0833168029785,41.566951751709,26.2353458404541,22.5419845581055,13.8561859130859,6.91315889358521,72812.0,4.0,2.6,3571520.0,0.16666666666666666
2018,Delaware,8.25,8.5,7.25,7.47,8.25,8.5,251.107,8.25,8.25,8.5,8.25,8.5,,8,0.265740305185318,0.573415338993073,0.818656206130981,0.738564908504486,8,45.6309814453125,32.3606376647949,15.4822387695313,12.508204460144,6.82680511474609,2.79589533805847,65012.0,3.0,6.1,965479.0,0.25
2018,Florida,8.25,8.5,7.25,7.47,8.25,8.5,251.107,8.25,8.25,8.5,8.25,8.5,,10,0.375081300735474,0.693132638931274,0.993105292320251,1.36868274211884,10,63.3053779602051,49.5053329467773,32.0939064025879,27.0060939788818,17.7336902618408,9.48493003845215,54644.0,3.0,6.1,21244317.0,0.3333333333333333
2018,Hawaii,10.1,10.4,7.25,7.47,10.1,10.4,251.107,10.1,10.1,10.4,10.1,10.4,,12,0.247037574648857,0.56565123796463,0.797686874866486,0.647181928157806,12,36.9261131286621,25.7110233306885,11.5898103713989,9.24951839447021,4.67638492584229,1.71651232242584,80108.0,2.0,3.9,1420593.0,0.5
2018,Indiana,7.25,7.47,7.25,7.47,7.25,7.47,251.107,7.25(e),7.25,7.47,7.25,7.47,(e),15,0.271434545516968,0.57643324136734,0.821054756641388,0.761288285255432,15,41.5420951843262,28.9505500793457,14.5455932617188,11.9520606994629,6.54145050048828,2.73878884315491,59892.0,3.0,5.1,6695497.0,0.25
2018,Maine,10.0,10.3,7.25,7.47,10.0,10.3,251.107,10,10.0,10.3,10.0,10.3,,20,0.24998451769352,0.55700272321701,0.794407427310944,0.657961905002594,20,43.2871360778809,29.4733390808105,13.4691686630249,10.8319759368896,5.26571798324585,1.8658367395401,58663.0,3.0,4.7,1339057.0,0.25
2018,Maryland,10.1,10.4,7.25,7.47,10.1,10.4,251.107,10.1,10.1,10.4,10.1,10.4,,21,0.28847748041153,0.590811610221863,0.846704185009003,0.809888482093811,21,42.8067665100098,29.6501789093018,15.8164358139038,11.9108800888062,6.51349115371704,2.60641860961914,86223.0,3.0,3.0,6035802.0,0.2
2018,Massachusetts,11.0,11.33,7.25,7.47,11.0,11.33,251.107,11,11.0,11.33,11.0,11.33,,22,0.358126103878021,0.646236777305603,0.933853387832642,1.203742146492,22,56.0853118896484,41.0703506469727,25.209077835083,21.6781749725342,13.4027194976807,6.74262666702271,86345.0,3.0,5.6,6882635.0,0.25
2018,Michigan,9.25,9.53,7.25,7.47,9.25,9.53,251.107,9.25(e),9.25,9.53,9.25,9.53,(e),23,0.301995694637299,0.60666412115097,0.864794492721558,0.90844452381134,23,49.9181747436523,36.0208854675293,19.3428974151611,16.0934066772461,9.715500831604,4.63194179534912,60449.0,4.0,4.0,9984072.0,0.16666666666666666
2018,Minnesota,8.04,8.28,7.25,7.47,8.04,8.28,251.107,8.04-9.86(g),8.04,8.28,9.86,10.16,(g),24,0.285040766000748,0.587805569171906,0.833221971988678,0.835856735706329,24,44.8998947143555,33.1489219665527,17.6730422973633,13.5979175567627,7.85488796234131,3.42359089851379,71817.0,2.0,5.2,5606249.0,0.2
2018,Mississippi,0.0,0.0,7.25,7.47,7.25,7.47,251.107,...,0.0,0.0,0.0,0.0,,25,0.252382427453995,0.584472715854645,0.835545182228088,0.681895673274994,25,47.1114196777344,30.10182762146,14.0208902359009,10.9126119613647,5.66071367263794,2.15097713470459,42781.0,4.0,3.8,2981020.0,0.3333333333333333
2018,Missouri,7.85,8.09,7.25,7.47,7.85,8.09,251.107,7.85,7.85,8.09,7.85,8.09,,26,0.294356733560562,0.603760838508606,0.85674375295639,0.900464713573456,26,47.1366729736328,33.8906898498535,18.3587303161621,15.3235549926758,9.27598762512207,4.45813322067261,61726.0,3.0,4.1,6121623.0,0.16666666666666666
2018,Montana,8.3,8.55,7.25,7.47,8.3,8.55,251.107,8.30(g),8.3,8.55,8.3,8.55,(g),27,0.276051968336105,0.607842087745667,0.85607385635376,0.788471698760986,27,43.9370727539063,31.1153926849365,15.7723350524902,12.7342176437378,7.10908079147339,3.04872918128967,57679.0,3.0,5.7,1060665.0,0.3333333333333333
2018,Nebraska,9.0,9.27,7.25,7.47,9.0,9.27,251.107,9.00[c],9.0,9.27,9.0,9.27,[c],28,0.266080349683762,0.587173879146576,0.823553860187531,0.770030617713928,28,38.31591796875,27.5298843383789,14.1168251037598,11.4063692092896,6.58237457275391,2.93538856506348,67575.0,2.0,3.1,1925614.0,0.25
2018,Nevada,7.25,7.47,7.25,7.47,7.25,7.47,251.107,7.25-8.25,7.25,7.47,8.25,8.5,,29,0.353981554508209,0.679632663726807,0.95234489440918,1.34015548229218,29,59.2180938720703,46.0958061218262,30.8191204071045,26.9984798431396,18.9222202301025,11.1103591918945,61864.0,4.0,6.7,3027341.0,0.16666666666666666
2018,Ohio,8.3,8.55,7.25,7.47,8.3,8.55,251.107,8.3,8.3,8.55,8.3,8.55,,36,0.271182715892792,0.570400834083557,0.811221837997437,0.787611305713654,36,44.032772064209,31.140998840332,15.9703674316406,13.0297622680664,7.33211469650269,3.16938829421997,61633.0,4.0,5.1,11676341.0,0.3333333333333333
2018,Pennsylvania,7.25,7.47,7.25,7.47,7.25,7.47,251.107,7.25,7.25,7.47,7.25,7.47,,39,0.301940679550171,0.602458119392395,0.859695434570313,0.900630831718445,39,46.2132530212402,34.3072738647461,18.1008148193359,14.388934135437,8.53330135345459,3.88718295097351,64524.0,4.0,4.5,12800922.0,0.25
2018,Tennessee,0.0,0.0,7.25,7.47,7.25,7.47,251.107,...,0.0,0.0,0.0,0.0,,43,0.302860587835312,0.610454499721527,0.870519161224365,0.959802746772766,43,48.9378204345703,35.3610916137695,19.5959510803223,16.295597076416,9.84414100646973,4.66675519943237,56060.0,3.0,4.8,6771631.0,0.125
2018,Texas,7.25,7.47,7.25,7.47,7.25,7.47,251.107,7.25,7.25,7.47,7.25,7.47,,44,0.329778075218201,0.644100666046143,0.924297332763672,1.07035136222839,44,48.8642692565918,37.2686424255371,21.2727928161621,17.0809440612793,10.3341684341431,4.84524250030518,59785.0,3.0,7.8,28628666.0,0.3333333333333333
2018,Utah,7.25,7.47,7.25,7.47,7.25,7.47,251.107,7.25,7.25,7.47,7.25,7.47,,45,0.291523933410645,0.604863107204437,0.848037302494049,0.908906638622284,45,43.2848091125488,32.5310401916504,18.2265453338623,14.7759284973145,8.9411096572876,4.18436908721924,77067.0,3.0,8.4,3153550.0,0.2
2018,Vermont,10.5,10.82,7.25,7.47,10.5,10.82,251.107,10.50(e),10.5,10.82,10.5,10.82,(e),46,0.266568005084991,0.578988432884216,0.820854067802429,0.731246769428253,46,42.2923622131348,29.9318256378174,14.2440509796143,11.5945320129395,6.3599534034729,2.66045165061951,70066.0,2.0,2.9,624358.0,0.0
2018,Virginia,7.25,7.47,7.25,7.47,7.25,7.47,251.107,7.25[c],7.25,7.47,7.25,7.47,[c],47,0.291435897350311,0.597394287586212,0.858265280723572,0.837719142436981,47,44.7005920410156,30.953742980957,16.5713939666748,12.6705436706543,7.21543264389038,3.07116484642029,77151.0,3.0,4.2,8501286.0,0.25
2018,Washington,11.5,11.85,7.25,7.47,11.5,11.85,251.107,11.5,11.5,11.85,11.5,11.85,,48,0.30209892988205,0.604621589183807,0.862111628055573,0.941805124282837,48,49.5680084228516,35.5788803100586,20.0171165466309,16.1713008880615,9.43396472930908,4.23833131790161,79726.0,4.0,9.0,7523869.0,0.5
2018,Wisconsin,7.25,7.47,7.25,7.47,7.25,7.47,251.107,7.25,7.25,7.47,7.25,7.47,,50,0.273632496595383,0.577299773693085,0.812093198299408,0.802626371383667,50,43.448600769043,31.2757148742676,16.5215320587158,13.5156745910645,7.87691116333008,3.54841256141663,62629.0,3.0,5.3,5807406.0,0.3333333333333333
2018,Wyoming,5.15,5.3,7.25,7.47,7.25,7.47,251.107,5.15,5.15,5.3,5.15,5.3,,51,0.339333951473236,0.657866060733795,0.907170712947845,1.2288419008255,51,46.4247894287109,36.6810646057129,24.5569610595703,21.2007312774658,14.2683525085449,7.93644046783447,62539.0,4.0,6.5,577601.0,0.25
